<?xml version="1.0" ?>
<ipxact:component xmlns:ipxact="http://www.accellera.org/XMLSchema/IPXACT/1685-2014" xmlns:lattice="http://www.latticesemi.com/lattice" xmlns:lsccip="http://www.latticesemi.com/XMLSchema/Radiant/ip">
    <ipxact:vendor>latticesemi.com</ipxact:vendor>
    <ipxact:library>ip</ipxact:library>
    <ipxact:name>uart0</ipxact:name>
    <ipxact:version>1.3.0</ipxact:version>
    <ipxact:busInterfaces>
        <ipxact:busInterface>
            <ipxact:name>APB_S0</ipxact:name>
            <ipxact:displayName>APB_S0</ipxact:displayName>
            <ipxact:description>APB slave port</ipxact:description>
            <ipxact:busType library="AMBA3" name="APB" vendor="amba.com" version="r1p0"/>
            <ipxact:abstractionTypes>
                <ipxact:abstractionType>
                    <ipxact:abstractionRef library="AMBA3" name="APB_rtl" vendor="amba.com" version="r1p0"/>
                    <ipxact:portMaps>
                        <ipxact:portMap>
                            <ipxact:logicalPort>
                                <ipxact:name>PADDR</ipxact:name>
                            </ipxact:logicalPort>
                            <ipxact:physicalPort>
                                <ipxact:name>apb_paddr_i</ipxact:name>
                            </ipxact:physicalPort>
                        </ipxact:portMap>
                        <ipxact:portMap>
                            <ipxact:logicalPort>
                                <ipxact:name>PSELx</ipxact:name>
                            </ipxact:logicalPort>
                            <ipxact:physicalPort>
                                <ipxact:name>apb_psel_i</ipxact:name>
                            </ipxact:physicalPort>
                        </ipxact:portMap>
                        <ipxact:portMap>
                            <ipxact:logicalPort>
                                <ipxact:name>PENABLE</ipxact:name>
                            </ipxact:logicalPort>
                            <ipxact:physicalPort>
                                <ipxact:name>apb_penable_i</ipxact:name>
                            </ipxact:physicalPort>
                        </ipxact:portMap>
                        <ipxact:portMap>
                            <ipxact:logicalPort>
                                <ipxact:name>PWRITE</ipxact:name>
                            </ipxact:logicalPort>
                            <ipxact:physicalPort>
                                <ipxact:name>apb_pwrite_i</ipxact:name>
                            </ipxact:physicalPort>
                        </ipxact:portMap>
                        <ipxact:portMap>
                            <ipxact:logicalPort>
                                <ipxact:name>PRDATA</ipxact:name>
                            </ipxact:logicalPort>
                            <ipxact:physicalPort>
                                <ipxact:name>apb_prdata_o</ipxact:name>
                            </ipxact:physicalPort>
                        </ipxact:portMap>
                        <ipxact:portMap>
                            <ipxact:logicalPort>
                                <ipxact:name>PWDATA</ipxact:name>
                            </ipxact:logicalPort>
                            <ipxact:physicalPort>
                                <ipxact:name>apb_pwdata_i</ipxact:name>
                            </ipxact:physicalPort>
                        </ipxact:portMap>
                        <ipxact:portMap>
                            <ipxact:logicalPort>
                                <ipxact:name>PREADY</ipxact:name>
                            </ipxact:logicalPort>
                            <ipxact:physicalPort>
                                <ipxact:name>apb_pready_o</ipxact:name>
                            </ipxact:physicalPort>
                        </ipxact:portMap>
                        <ipxact:portMap>
                            <ipxact:logicalPort>
                                <ipxact:name>PSLVERR</ipxact:name>
                            </ipxact:logicalPort>
                            <ipxact:physicalPort>
                                <ipxact:name>apb_pslverr_o</ipxact:name>
                            </ipxact:physicalPort>
                        </ipxact:portMap>
                    </ipxact:portMaps>
                </ipxact:abstractionType>
            </ipxact:abstractionTypes>
            <ipxact:slave>
                <ipxact:memoryMapRef memoryMapRef="uart_mem_map"/>
            </ipxact:slave>
        </ipxact:busInterface>
        <ipxact:busInterface>
            <ipxact:name>INT_M0</ipxact:name>
            <ipxact:displayName>INT_M0</ipxact:displayName>
            <ipxact:description>Interrupt Request</ipxact:description>
            <ipxact:busType library="busdef.interrupt" name="interrupt" vendor="spiritconsortium.org" version="1.0"/>
            <ipxact:abstractionTypes>
                <ipxact:abstractionType>
                    <ipxact:abstractionRef library="busdef.interrupt" name="interrupt_rtl" vendor="spiritconsortium.org" version="1.0"/>
                    <ipxact:portMaps>
                        <ipxact:portMap>
                            <ipxact:logicalPort>
                                <ipxact:name>IRQ</ipxact:name>
                            </ipxact:logicalPort>
                            <ipxact:physicalPort>
                                <ipxact:name>int_o</ipxact:name>
                            </ipxact:physicalPort>
                        </ipxact:portMap>
                    </ipxact:portMaps>
                </ipxact:abstractionType>
            </ipxact:abstractionTypes>
            <ipxact:master/>
        </ipxact:busInterface>
    </ipxact:busInterfaces>
    <ipxact:memoryMaps>
        <ipxact:memoryMap>
            <ipxact:name>uart_mem_map</ipxact:name>
            <ipxact:description>UART memory map</ipxact:description>
            <ipxact:addressBlock>
                <ipxact:name>UART_Registers</ipxact:name>
                <ipxact:baseAddress>0</ipxact:baseAddress>
                <ipxact:range>64</ipxact:range>
                <ipxact:width>32</ipxact:width>
                <ipxact:register>
                    <ipxact:name>THR</ipxact:name>
                    <ipxact:displayName>Transmitter_Holding_Register</ipxact:displayName>
                    <ipxact:description>Transmitter Holding Register is the interface to the Transmitter Buffer/FIFO (XMIT FIFO).</ipxact:description>
                    <ipxact:addressOffset>0</ipxact:addressOffset>
                    <ipxact:size>32</ipxact:size>
                    <ipxact:volatile>true</ipxact:volatile>
                    <ipxact:access>write-only</ipxact:access>
                    <ipxact:field>
                        <ipxact:name>XMIT_FIFO</ipxact:name>
                        <ipxact:displayName>XMIT_FIFO</ipxact:displayName>
                        <ipxact:description>Write access to this field pushes data to XMIT FIFO</ipxact:description>
                        <ipxact:bitOffset>0</ipxact:bitOffset>
                        <ipxact:resets>
                            <ipxact:reset>
                                <ipxact:value>0</ipxact:value>
                            </ipxact:reset>
                        </ipxact:resets>
                        <ipxact:bitWidth>8</ipxact:bitWidth>
                        <ipxact:volatile>true</ipxact:volatile>
                        <ipxact:access>write-only</ipxact:access>
                        <ipxact:testable testConstraint="unconstrained">false</ipxact:testable>
                    </ipxact:field>
                </ipxact:register>
                <ipxact:register>
                    <ipxact:name>RBR</ipxact:name>
                    <ipxact:displayName>Receive_Buffer_Register</ipxact:displayName>
                    <ipxact:description>Receive Buffer Register is the interface to the Receiver Buffer/FIFO (RCVR FIFO).</ipxact:description>
                    <ipxact:addressOffset>0</ipxact:addressOffset>
                    <ipxact:size>32</ipxact:size>
                    <ipxact:volatile>true</ipxact:volatile>
                    <ipxact:access>read-only</ipxact:access>
                    <ipxact:field>
                        <ipxact:name>RCVR_FIFO</ipxact:name>
                        <ipxact:displayName>RCVR_FIFO</ipxact:displayName>
                        <ipxact:description>Read access to this field pops data from RCVR FIFO</ipxact:description>
                        <ipxact:bitOffset>0</ipxact:bitOffset>
                        <ipxact:resets>
                            <ipxact:reset>
                                <ipxact:value>0</ipxact:value>
                                <ipxact:mask>0</ipxact:mask>
                            </ipxact:reset>
                        </ipxact:resets>
                        <ipxact:bitWidth>8</ipxact:bitWidth>
                        <ipxact:volatile>true</ipxact:volatile>
                        <ipxact:access>read-only</ipxact:access>
                        <ipxact:testable testConstraint="unconstrained">false</ipxact:testable>
                    </ipxact:field>
                </ipxact:register>
                <ipxact:register>
                    <ipxact:name>IER</ipxact:name>
                    <ipxact:displayName>Interrupt_Enable_Register</ipxact:displayName>
                    <ipxact:description>Interrupt Enable Register enables the four types of UART interrupts.</ipxact:description>
                    <ipxact:addressOffset>4</ipxact:addressOffset>
                    <ipxact:size>32</ipxact:size>
                    <ipxact:volatile>false</ipxact:volatile>
                    <ipxact:access>read-write</ipxact:access>
                    <ipxact:field>
                        <ipxact:name>rda_int_en</ipxact:name>
                        <ipxact:displayName>RDA_Interrupt_Enable</ipxact:displayName>
                        <ipxact:description>Received Data Available Interrupt Enable. 0-&gt; Interrupt is disabled. 1-&gt; Interrupt is enabled.</ipxact:description>
                        <ipxact:bitOffset>0</ipxact:bitOffset>
                        <ipxact:resets>
                            <ipxact:reset>
                                <ipxact:value>0</ipxact:value>
                            </ipxact:reset>
                        </ipxact:resets>
                        <ipxact:bitWidth>1</ipxact:bitWidth>
                        <ipxact:volatile>false</ipxact:volatile>
                        <ipxact:access>read-write</ipxact:access>
                        <ipxact:testable testConstraint="unconstrained">true</ipxact:testable>
                    </ipxact:field>
                    <ipxact:field>
                        <ipxact:name>thre_int_en</ipxact:name>
                        <ipxact:displayName>THRE_Interrupt_Enable</ipxact:displayName>
                        <ipxact:description>Transmitter Holding Register Empty Interrupt Enable. 0-&gt; Interrupt is disabled. 1-&gt; Interrupt is enabled.</ipxact:description>
                        <ipxact:bitOffset>1</ipxact:bitOffset>
                        <ipxact:resets>
                            <ipxact:reset>
                                <ipxact:value>0</ipxact:value>
                            </ipxact:reset>
                        </ipxact:resets>
                        <ipxact:bitWidth>1</ipxact:bitWidth>
                        <ipxact:volatile>false</ipxact:volatile>
                        <ipxact:access>read-write</ipxact:access>
                        <ipxact:testable testConstraint="unconstrained">true</ipxact:testable>
                    </ipxact:field>
                    <ipxact:field>
                        <ipxact:name>rls_int_en</ipxact:name>
                        <ipxact:displayName>RLS_Interrupt_Enable</ipxact:displayName>
                        <ipxact:description>Receiver Line Status Interrupt Enable. 0-&gt; Interrupt is disabled. 1-&gt; Interrupt is enabled.</ipxact:description>
                        <ipxact:bitOffset>2</ipxact:bitOffset>
                        <ipxact:resets>
                            <ipxact:reset>
                                <ipxact:value>0</ipxact:value>
                            </ipxact:reset>
                        </ipxact:resets>
                        <ipxact:bitWidth>1</ipxact:bitWidth>
                        <ipxact:volatile>false</ipxact:volatile>
                        <ipxact:access>read-write</ipxact:access>
                        <ipxact:testable testConstraint="unconstrained">true</ipxact:testable>
                    </ipxact:field>
                </ipxact:register>
                <ipxact:register>
                    <ipxact:name>IIR</ipxact:name>
                    <ipxact:displayName>Interrupt_Identification_Register</ipxact:displayName>
                    <ipxact:description>Interrupt Identification Register determines the asserted interrupt based on priority.</ipxact:description>
                    <ipxact:addressOffset>8</ipxact:addressOffset>
                    <ipxact:size>32</ipxact:size>
                    <ipxact:volatile>true</ipxact:volatile>
                    <ipxact:access>read-only</ipxact:access>
                    <ipxact:field>
                        <ipxact:name>int_pending</ipxact:name>
                        <ipxact:displayName>Interrupt_Pending</ipxact:displayName>
                        <ipxact:description>0 -&gt; Interrupt is pending according to int_prio and timeout_int. 1 -&gt; No pending interrupt.</ipxact:description>
                        <ipxact:bitOffset>0</ipxact:bitOffset>
                        <ipxact:resets>
                            <ipxact:reset>
                                <ipxact:value>1</ipxact:value>
                            </ipxact:reset>
                        </ipxact:resets>
                        <ipxact:bitWidth>1</ipxact:bitWidth>
                        <ipxact:volatile>true</ipxact:volatile>
                        <ipxact:access>read-only</ipxact:access>
                        <ipxact:testable testConstraint="unconstrained">false</ipxact:testable>
                    </ipxact:field>
                    <ipxact:field>
                        <ipxact:name>int_prio</ipxact:name>
                        <ipxact:displayName>Interrupt_Priority</ipxact:displayName>
                        <ipxact:description>2'b11 -&gt; Receiver Line Status Interrupt. 2'b10 -&gt; Received Data Available Interrupt. 2'b01 -&gt; Transmitter Holding Register Empty Interrupt. 2'b00 -&gt; MODEM Status Interrupt.</ipxact:description>
                        <ipxact:bitOffset>1</ipxact:bitOffset>
                        <ipxact:resets>
                            <ipxact:reset>
                                <ipxact:value>0</ipxact:value>
                            </ipxact:reset>
                        </ipxact:resets>
                        <ipxact:bitWidth>2</ipxact:bitWidth>
                        <ipxact:volatile>true</ipxact:volatile>
                        <ipxact:access>read-only</ipxact:access>
                        <ipxact:testable testConstraint="unconstrained">false</ipxact:testable>
                    </ipxact:field>
                    <ipxact:field>
                        <ipxact:name>fifos_en</ipxact:name>
                        <ipxact:displayName>FIFOs_Enabled</ipxact:displayName>
                        <ipxact:description>FIFO mode - Fixed to logic 2'b11. Non-FIFO mode - fixed to 2'b00.</ipxact:description>
                        <ipxact:bitOffset>6</ipxact:bitOffset>
                        <ipxact:resets>
                            <ipxact:reset>
                                <ipxact:value>0</ipxact:value>
                            </ipxact:reset>
                        </ipxact:resets>
                        <ipxact:bitWidth>2</ipxact:bitWidth>
                        <ipxact:volatile>true</ipxact:volatile>
                        <ipxact:access>read-only</ipxact:access>
                        <ipxact:testable testConstraint="unconstrained">false</ipxact:testable>
                    </ipxact:field>
                </ipxact:register>
                <ipxact:register>
                    <ipxact:name>LCR</ipxact:name>
                    <ipxact:displayName>Line_Control_Register</ipxact:displayName>
                    <ipxact:description>Line Control Register configures character length, number stop bits and parity bit.</ipxact:description>
                    <ipxact:addressOffset>12</ipxact:addressOffset>
                    <ipxact:size>32</ipxact:size>
                    <ipxact:volatile>false</ipxact:volatile>
                    <ipxact:access>read-write</ipxact:access>
                    <ipxact:field>
                        <ipxact:name>char_len_sel</ipxact:name>
                        <ipxact:displayName>Character_Length_Select</ipxact:displayName>
                        <ipxact:description> 2'b00 -&gt; 5 bits. 2'b01 -&gt; 6 bits. 2'b10 -&gt; 7 bits. 2'b11 -&gt; 8 bits.</ipxact:description>
                        <ipxact:bitOffset>0</ipxact:bitOffset>
                        <ipxact:resets>
                            <ipxact:reset>
                                <ipxact:value>3</ipxact:value>
                            </ipxact:reset>
                        </ipxact:resets>
                        <ipxact:bitWidth>2</ipxact:bitWidth>
                        <ipxact:volatile>false</ipxact:volatile>
                        <ipxact:access>read-write</ipxact:access>
                        <ipxact:testable testConstraint="unconstrained">true</ipxact:testable>
                    </ipxact:field>
                    <ipxact:field>
                        <ipxact:name>stop_bit_ctrl</ipxact:name>
                        <ipxact:displayName>Stop Bit Control</ipxact:displayName>
                        <ipxact:description>0 -&gt; One stop bit is generated in the transmitted data. 1 -&gt; Two stop bits are generated.</ipxact:description>
                        <ipxact:bitOffset>2</ipxact:bitOffset>
                        <ipxact:resets>
                            <ipxact:reset>
                                <ipxact:value>0</ipxact:value>
                            </ipxact:reset>
                        </ipxact:resets>
                        <ipxact:bitWidth>1</ipxact:bitWidth>
                        <ipxact:volatile>false</ipxact:volatile>
                        <ipxact:access>read-write</ipxact:access>
                        <ipxact:testable testConstraint="unconstrained">true</ipxact:testable>
                    </ipxact:field>
                    <ipxact:field>
                        <ipxact:name>parity_en</ipxact:name>
                        <ipxact:displayName>Parity_Enable</ipxact:displayName>
                        <ipxact:description>Parity Enable. 0-&gt; Parity generation and checking is disabled. 1-&gt; Parity generation and checking is enabled.</ipxact:description>
                        <ipxact:bitOffset>3</ipxact:bitOffset>
                        <ipxact:resets>
                            <ipxact:reset>
                                <ipxact:value>False</ipxact:value>
                            </ipxact:reset>
                        </ipxact:resets>
                        <ipxact:bitWidth>1</ipxact:bitWidth>
                        <ipxact:volatile>false</ipxact:volatile>
                        <ipxact:access>read-write</ipxact:access>
                        <ipxact:testable testConstraint="unconstrained">true</ipxact:testable>
                    </ipxact:field>
                    <ipxact:field>
                        <ipxact:name>even_parity_sel</ipxact:name>
                        <ipxact:displayName>Even_Parity_select</ipxact:displayName>
                        <ipxact:description>Even Parity Select. 0 -&gt; Odd parity. 1 -&gt; Even Parity.</ipxact:description>
                        <ipxact:bitOffset>4</ipxact:bitOffset>
                        <ipxact:resets>
                            <ipxact:reset>
                                <ipxact:value>1</ipxact:value>
                            </ipxact:reset>
                        </ipxact:resets>
                        <ipxact:bitWidth>1</ipxact:bitWidth>
                        <ipxact:volatile>false</ipxact:volatile>
                        <ipxact:access>read-write</ipxact:access>
                        <ipxact:testable testConstraint="unconstrained">true</ipxact:testable>
                    </ipxact:field>
                    <ipxact:field>
                        <ipxact:name>stick_parity_en</ipxact:name>
                        <ipxact:displayName>Stick_Parity_Enable</ipxact:displayName>
                        <ipxact:description>Stick Parity Enable. 0 -&gt; Stick parity is disabled. 1 -&gt; Stick parity is enabled.</ipxact:description>
                        <ipxact:bitOffset>5</ipxact:bitOffset>
                        <ipxact:resets>
                            <ipxact:reset>
                                <ipxact:value>False</ipxact:value>
                            </ipxact:reset>
                        </ipxact:resets>
                        <ipxact:bitWidth>1</ipxact:bitWidth>
                        <ipxact:volatile>false</ipxact:volatile>
                        <ipxact:access>read-write</ipxact:access>
                        <ipxact:testable testConstraint="unconstrained">true</ipxact:testable>
                    </ipxact:field>
                    <ipxact:field>
                        <ipxact:name>break_ctrl_en</ipxact:name>
                        <ipxact:displayName>Break_Control_Enable</ipxact:displayName>
                        <ipxact:description>Break Control Enable. 0 -&gt; Break control is disabled. 1 -&gt; Break control is enabled.</ipxact:description>
                        <ipxact:bitOffset>6</ipxact:bitOffset>
                        <ipxact:resets>
                            <ipxact:reset>
                                <ipxact:value>0</ipxact:value>
                            </ipxact:reset>
                        </ipxact:resets>
                        <ipxact:bitWidth>1</ipxact:bitWidth>
                        <ipxact:volatile>false</ipxact:volatile>
                        <ipxact:access>read-write</ipxact:access>
                        <ipxact:testable testConstraint="unconstrained">true</ipxact:testable>
                    </ipxact:field>
                </ipxact:register>
                <ipxact:register>
                    <ipxact:name>LSR</ipxact:name>
                    <ipxact:displayName>Line_Status_Register</ipxact:displayName>
                    <ipxact:description>Line Status Register</ipxact:description>
                    <ipxact:addressOffset>20</ipxact:addressOffset>
                    <ipxact:size>32</ipxact:size>
                    <ipxact:volatile>true</ipxact:volatile>
                    <ipxact:access>read-only</ipxact:access>
                    <ipxact:field>
                        <ipxact:name>data_rdy</ipxact:name>
                        <ipxact:displayName>Data_Ready</ipxact:displayName>
                        <ipxact:description>Data Ready Indicator asserts when RCVR FIFO has data.</ipxact:description>
                        <ipxact:bitOffset>0</ipxact:bitOffset>
                        <ipxact:resets>
                            <ipxact:reset>
                                <ipxact:value>0</ipxact:value>
                            </ipxact:reset>
                        </ipxact:resets>
                        <ipxact:bitWidth>1</ipxact:bitWidth>
                        <ipxact:volatile>true</ipxact:volatile>
                        <ipxact:access>read-only</ipxact:access>
                        <ipxact:testable testConstraint="unconstrained">true</ipxact:testable>
                    </ipxact:field>
                    <ipxact:field>
                        <ipxact:name>overrun_err</ipxact:name>
                        <ipxact:displayName>Overrun_Error</ipxact:displayName>
                        <ipxact:description>Overrun Error Indicator asserts when RCVR FIFO is full and the next character has been fully received.</ipxact:description>
                        <ipxact:bitOffset>1</ipxact:bitOffset>
                        <ipxact:resets>
                            <ipxact:reset>
                                <ipxact:value>0</ipxact:value>
                            </ipxact:reset>
                        </ipxact:resets>
                        <ipxact:bitWidth>1</ipxact:bitWidth>
                        <ipxact:volatile>true</ipxact:volatile>
                        <ipxact:access>read-only</ipxact:access>
                        <ipxact:testable testConstraint="unconstrained">true</ipxact:testable>
                    </ipxact:field>
                    <ipxact:field>
                        <ipxact:name>parity_err</ipxact:name>
                        <ipxact:displayName>Parity_Error</ipxact:displayName>
                        <ipxact:description>Parity Error Indicator asserts when parity error occurs.</ipxact:description>
                        <ipxact:bitOffset>2</ipxact:bitOffset>
                        <ipxact:resets>
                            <ipxact:reset>
                                <ipxact:value>0</ipxact:value>
                            </ipxact:reset>
                        </ipxact:resets>
                        <ipxact:bitWidth>1</ipxact:bitWidth>
                        <ipxact:volatile>true</ipxact:volatile>
                        <ipxact:access>read-only</ipxact:access>
                        <ipxact:testable testConstraint="unconstrained">true</ipxact:testable>
                    </ipxact:field>
                    <ipxact:field>
                        <ipxact:name>framing_err</ipxact:name>
                        <ipxact:displayName>Framing_Error</ipxact:displayName>
                        <ipxact:description>Framing Error Indicator asserts when received data does not have a valid stop bit.</ipxact:description>
                        <ipxact:bitOffset>3</ipxact:bitOffset>
                        <ipxact:resets>
                            <ipxact:reset>
                                <ipxact:value>0</ipxact:value>
                            </ipxact:reset>
                        </ipxact:resets>
                        <ipxact:bitWidth>1</ipxact:bitWidth>
                        <ipxact:volatile>true</ipxact:volatile>
                        <ipxact:access>read-only</ipxact:access>
                        <ipxact:testable testConstraint="unconstrained">true</ipxact:testable>
                    </ipxact:field>
                    <ipxact:field>
                        <ipxact:name>break_cond</ipxact:name>
                        <ipxact:displayName>Break_Condition</ipxact:displayName>
                        <ipxact:description>Break condition indicator asserts when rxd_i is held low for longer than full RX time.</ipxact:description>
                        <ipxact:bitOffset>4</ipxact:bitOffset>
                        <ipxact:resets>
                            <ipxact:reset>
                                <ipxact:value>0</ipxact:value>
                            </ipxact:reset>
                        </ipxact:resets>
                        <ipxact:bitWidth>1</ipxact:bitWidth>
                        <ipxact:volatile>true</ipxact:volatile>
                        <ipxact:access>read-only</ipxact:access>
                        <ipxact:testable testConstraint="unconstrained">true</ipxact:testable>
                    </ipxact:field>
                    <ipxact:field>
                        <ipxact:name>thr_empty</ipxact:name>
                        <ipxact:displayName>THR_Empty</ipxact:displayName>
                        <ipxact:description>THR Empty bit asserts when XMIT FIFO is empty.</ipxact:description>
                        <ipxact:bitOffset>5</ipxact:bitOffset>
                        <ipxact:resets>
                            <ipxact:reset>
                                <ipxact:value>1</ipxact:value>
                            </ipxact:reset>
                        </ipxact:resets>
                        <ipxact:bitWidth>1</ipxact:bitWidth>
                        <ipxact:volatile>true</ipxact:volatile>
                        <ipxact:access>read-only</ipxact:access>
                        <ipxact:testable testConstraint="unconstrained">true</ipxact:testable>
                    </ipxact:field>
                    <ipxact:field>
                        <ipxact:name>xmitr_empty</ipxact:name>
                        <ipxact:displayName>Transmitter_Empty</ipxact:displayName>
                        <ipxact:description>Transmitter Empty bit asserts when both XMIT FIFO and Transmitter Shift Register are empty.</ipxact:description>
                        <ipxact:bitOffset>6</ipxact:bitOffset>
                        <ipxact:resets>
                            <ipxact:reset>
                                <ipxact:value>1</ipxact:value>
                            </ipxact:reset>
                        </ipxact:resets>
                        <ipxact:bitWidth>1</ipxact:bitWidth>
                        <ipxact:volatile>true</ipxact:volatile>
                        <ipxact:access>read-only</ipxact:access>
                        <ipxact:testable testConstraint="unconstrained">true</ipxact:testable>
                    </ipxact:field>
                </ipxact:register>
                <ipxact:register>
                    <ipxact:name>DLAB_LSB</ipxact:name>
                    <ipxact:displayName>Divisor_Latch_Register_LSB</ipxact:displayName>
                    <ipxact:description>Divisor Latch Register LSB</ipxact:description>
                    <ipxact:addressOffset>32</ipxact:addressOffset>
                    <ipxact:size>32</ipxact:size>
                    <ipxact:volatile>false</ipxact:volatile>
                    <ipxact:access>read-write</ipxact:access>
                    <ipxact:field>
                        <ipxact:name>divisor_lsb</ipxact:name>
                        <ipxact:displayName>Divisor_Value_LSB</ipxact:displayName>
                        <ipxact:description>The lower byte of the Divisor Latch Register.</ipxact:description>
                        <ipxact:bitOffset>0</ipxact:bitOffset>
                        <ipxact:resets>
                            <ipxact:reset>
                                <ipxact:value>156</ipxact:value>
                            </ipxact:reset>
                        </ipxact:resets>
                        <ipxact:bitWidth>8</ipxact:bitWidth>
                        <ipxact:volatile>false</ipxact:volatile>
                        <ipxact:access>read-write</ipxact:access>
                        <ipxact:testable testConstraint="unconstrained">true</ipxact:testable>
                    </ipxact:field>
                </ipxact:register>
                <ipxact:register>
                    <ipxact:name>DLAB_MSB</ipxact:name>
                    <ipxact:displayName>Divisor_Latch_Register_MSB</ipxact:displayName>
                    <ipxact:description>Divisor Latch Register MSB</ipxact:description>
                    <ipxact:addressOffset>36</ipxact:addressOffset>
                    <ipxact:size>32</ipxact:size>
                    <ipxact:volatile>true</ipxact:volatile>
                    <ipxact:access>read-write</ipxact:access>
                    <ipxact:field>
                        <ipxact:name>divisor_msb</ipxact:name>
                        <ipxact:displayName>Divisor_Value_MSB</ipxact:displayName>
                        <ipxact:description>The upper byte of the Divisor Latch Register.</ipxact:description>
                        <ipxact:bitOffset>0</ipxact:bitOffset>
                        <ipxact:resets>
                            <ipxact:reset>
                                <ipxact:value>0</ipxact:value>
                            </ipxact:reset>
                        </ipxact:resets>
                        <ipxact:bitWidth>8</ipxact:bitWidth>
                        <ipxact:volatile>true</ipxact:volatile>
                        <ipxact:access>read-write</ipxact:access>
                        <ipxact:testable testConstraint="unconstrained">true</ipxact:testable>
                    </ipxact:field>
                </ipxact:register>
            </ipxact:addressBlock>
        </ipxact:memoryMap>
    </ipxact:memoryMaps>
    <ipxact:model>
        <ipxact:instantiations>
            <ipxact:componentInstantiation>
                <ipxact:name>uart0</ipxact:name>
            </ipxact:componentInstantiation>
            <ipxact:designInstantiation>
                <ipxact:name>uart0_design</ipxact:name>
                <ipxact:designRef library="ip" name="uart0" vendor="latticesemi.com" version="1.3.0"/>
            </ipxact:designInstantiation>
        </ipxact:instantiations>
        <ipxact:ports>
            <ipxact:port>
                <ipxact:name>rxd_i</ipxact:name>
                <ipxact:displayName>rxd_i</ipxact:displayName>
                <ipxact:wire>
                    <ipxact:direction>in</ipxact:direction>
                </ipxact:wire>
            </ipxact:port>
            <ipxact:port>
                <ipxact:name>txd_o</ipxact:name>
                <ipxact:displayName>txd_o</ipxact:displayName>
                <ipxact:wire>
                    <ipxact:direction>out</ipxact:direction>
                </ipxact:wire>
            </ipxact:port>
            <ipxact:port>
                <ipxact:name>clk_i</ipxact:name>
                <ipxact:displayName>clk_i</ipxact:displayName>
                <ipxact:wire>
                    <ipxact:direction>in</ipxact:direction>
                </ipxact:wire>
                <ipxact:vendorExtensions>
                    <lsccip:isClk>true</lsccip:isClk>
                </ipxact:vendorExtensions>
            </ipxact:port>
            <ipxact:port>
                <ipxact:name>rst_n_i</ipxact:name>
                <ipxact:displayName>rst_n_i</ipxact:displayName>
                <ipxact:wire>
                    <ipxact:direction>in</ipxact:direction>
                </ipxact:wire>
                <ipxact:vendorExtensions>
                    <lsccip:isRst>true</lsccip:isRst>
                </ipxact:vendorExtensions>
            </ipxact:port>
            <ipxact:port>
                <ipxact:name>int_o</ipxact:name>
                <ipxact:displayName>int_o</ipxact:displayName>
                <ipxact:wire>
                    <ipxact:direction>out</ipxact:direction>
                </ipxact:wire>
            </ipxact:port>
            <ipxact:port>
                <ipxact:name>apb_penable_i</ipxact:name>
                <ipxact:displayName>apb_penable_i</ipxact:displayName>
                <ipxact:wire>
                    <ipxact:direction>in</ipxact:direction>
                </ipxact:wire>
            </ipxact:port>
            <ipxact:port>
                <ipxact:name>apb_psel_i</ipxact:name>
                <ipxact:displayName>apb_psel_i</ipxact:displayName>
                <ipxact:wire>
                    <ipxact:direction>in</ipxact:direction>
                </ipxact:wire>
            </ipxact:port>
            <ipxact:port>
                <ipxact:name>apb_pwrite_i</ipxact:name>
                <ipxact:displayName>apb_pwrite_i</ipxact:displayName>
                <ipxact:wire>
                    <ipxact:direction>in</ipxact:direction>
                </ipxact:wire>
            </ipxact:port>
            <ipxact:port>
                <ipxact:name>apb_paddr_i</ipxact:name>
                <ipxact:displayName>apb_paddr_i</ipxact:displayName>
                <ipxact:wire>
                    <ipxact:direction>in</ipxact:direction>
                    <ipxact:vectors>
                        <ipxact:vector>
                            <ipxact:left>5</ipxact:left>
                            <ipxact:right>0</ipxact:right>
                        </ipxact:vector>
                    </ipxact:vectors>
                </ipxact:wire>
            </ipxact:port>
            <ipxact:port>
                <ipxact:name>apb_pwdata_i</ipxact:name>
                <ipxact:displayName>apb_pwdata_i</ipxact:displayName>
                <ipxact:wire>
                    <ipxact:direction>in</ipxact:direction>
                    <ipxact:vectors>
                        <ipxact:vector>
                            <ipxact:left>31</ipxact:left>
                            <ipxact:right>0</ipxact:right>
                        </ipxact:vector>
                    </ipxact:vectors>
                </ipxact:wire>
            </ipxact:port>
            <ipxact:port>
                <ipxact:name>apb_pready_o</ipxact:name>
                <ipxact:displayName>apb_pready_o</ipxact:displayName>
                <ipxact:wire>
                    <ipxact:direction>out</ipxact:direction>
                </ipxact:wire>
            </ipxact:port>
            <ipxact:port>
                <ipxact:name>apb_pslverr_o</ipxact:name>
                <ipxact:displayName>apb_pslverr_o</ipxact:displayName>
                <ipxact:wire>
                    <ipxact:direction>out</ipxact:direction>
                </ipxact:wire>
            </ipxact:port>
            <ipxact:port>
                <ipxact:name>apb_prdata_o</ipxact:name>
                <ipxact:displayName>apb_prdata_o</ipxact:displayName>
                <ipxact:wire>
                    <ipxact:direction>out</ipxact:direction>
                    <ipxact:vectors>
                        <ipxact:vector>
                            <ipxact:left>31</ipxact:left>
                            <ipxact:right>0</ipxact:right>
                        </ipxact:vector>
                    </ipxact:vectors>
                </ipxact:wire>
            </ipxact:port>
        </ipxact:ports>
    </ipxact:model>
    <ipxact:fileSets>
        <ipxact:fileSet>
            <ipxact:name>ipx_file_list</ipxact:name>
            <ipxact:file>
                <ipxact:name>rtl/uart0_bb.v</ipxact:name>
                <ipxact:fileType user="black_box_verilog">user</ipxact:fileType>
            </ipxact:file>
            <ipxact:file>
                <ipxact:name>uart0.cfg</ipxact:name>
                <ipxact:fileType user="cfg">user</ipxact:fileType>
            </ipxact:file>
            <ipxact:file>
                <ipxact:name>misc/uart0_tmpl.v</ipxact:name>
                <ipxact:fileType user="template_verilog">user</ipxact:fileType>
            </ipxact:file>
            <ipxact:file>
                <ipxact:name>misc/uart0_tmpl.vhd</ipxact:name>
                <ipxact:fileType user="template_vhdl">user</ipxact:fileType>
            </ipxact:file>
            <ipxact:file>
                <ipxact:name>rtl/uart0.v</ipxact:name>
                <ipxact:fileType user="top_level_verilog">user</ipxact:fileType>
            </ipxact:file>
            <ipxact:file>
                <ipxact:name>testbench/dut_params.v</ipxact:name>
                <ipxact:fileType user="dependency_file">user</ipxact:fileType>
            </ipxact:file>
            <ipxact:file>
                <ipxact:name>testbench/dut_inst.v</ipxact:name>
                <ipxact:fileType user="dependency_file">user</ipxact:fileType>
            </ipxact:file>
            <ipxact:file>
                <ipxact:name>design.xml</ipxact:name>
                <ipxact:fileType user="IP-XACT_design">user</ipxact:fileType>
            </ipxact:file>
            <ipxact:file>
                <ipxact:name>testbench/lscc_lmmi2apb.v</ipxact:name>
                <ipxact:fileType user="testbench_verilog">user</ipxact:fileType>
            </ipxact:file>
            <ipxact:file>
                <ipxact:name>testbench/lscc_uart_model.v</ipxact:name>
                <ipxact:fileType user="testbench_verilog">user</ipxact:fileType>
            </ipxact:file>
            <ipxact:file>
                <ipxact:name>testbench/tb_lmmi_mst.v</ipxact:name>
                <ipxact:fileType user="testbench_verilog">user</ipxact:fileType>
            </ipxact:file>
            <ipxact:file>
                <ipxact:name>testbench/tb_top.v</ipxact:name>
                <ipxact:fileType user="testbench_verilog">user</ipxact:fileType>
            </ipxact:file>
            <ipxact:file>
                <ipxact:name>testbench/uart_rx.v</ipxact:name>
                <ipxact:fileType user="testbench_verilog">user</ipxact:fileType>
            </ipxact:file>
            <ipxact:file>
                <ipxact:name>testbench/uart_tx.v</ipxact:name>
                <ipxact:fileType user="testbench_verilog">user</ipxact:fileType>
            </ipxact:file>
            <ipxact:file>
                <ipxact:name>driver/uart.c</ipxact:name>
                <ipxact:fileType user="driver_source">user</ipxact:fileType>
            </ipxact:file>
            <ipxact:file>
                <ipxact:name>driver/uart.h</ipxact:name>
                <ipxact:fileType user="driver_header">user</ipxact:fileType>
            </ipxact:file>
            <ipxact:file>
                <ipxact:name>driver/uart.xml</ipxact:name>
                <ipxact:fileType user="driver_metadata">user</ipxact:fileType>
            </ipxact:file>
        </ipxact:fileSet>
        <ipxact:fileSet>
            <ipxact:name>driver_file_list</ipxact:name>
            <ipxact:file>
                <ipxact:name>driver/uart.c</ipxact:name>
                <ipxact:fileType user="driver_source">user</ipxact:fileType>
            </ipxact:file>
            <ipxact:file>
                <ipxact:name>driver/uart.h</ipxact:name>
                <ipxact:fileType user="driver_header">user</ipxact:fileType>
            </ipxact:file>
            <ipxact:file>
                <ipxact:name>driver/uart.xml</ipxact:name>
                <ipxact:fileType user="driver_metadata">user</ipxact:fileType>
            </ipxact:file>
        </ipxact:fileSet>
    </ipxact:fileSets>
    <ipxact:vendorExtensions>
        <lsccip:moduleRef lsccip:library="ip" lsccip:name="uart" lsccip:vendor="latticesemi.com" lsccip:version="1.3.0"/>
        <lsccip:deviceInfo>
            <lsccip:device>LFCPNX-100</lsccip:device>
            <lsccip:device_int>jd5d80</lsccip:device_int>
            <lsccip:package>BBG484</lsccip:package>
            <lsccip:package_int>BBG484</lsccip:package_int>
            <lsccip:performanceGrade>8_High-Performance_1.0V</lsccip:performanceGrade>
            <lsccip:speed_int>11</lsccip:speed_int>
            <lsccip:operation>Commercial</lsccip:operation>
            <lsccip:family>LFCPNX</lsccip:family>
            <lsccip:architecture>jd5d00</lsccip:architecture>
            <lsccip:partnumber>LFCPNX-100-8BBG484C</lsccip:partnumber>
        </lsccip:deviceInfo>
        <lsccip:generationInfo>
            <lsccip:fileVersion>20180929</lsccip:fileVersion>
            <lsccip:createdTimestamp>2025 01 05 13:54:25</lsccip:createdTimestamp>
            <lsccip:radiantBuild>&quot;Lattice Propel&quot; (64-bit) 2024.1.2406150513_p</lsccip:radiantBuild>
        </lsccip:generationInfo>
    </ipxact:vendorExtensions>
</ipxact:component>
