<?xml version="1.0" encoding="UTF-8"?>
<userSetting name="C:/Users/javos/Radiant_Workspaces/Workspace17_MAS_nexusadc/MAS_adc_HW/promote.xml" version="Diamond (64-bit) 2025.1.1.308.0" date="Fri Nov 21 20:08:40 2025" vendor="Lattice Semiconductor Corporation" >
  <msg mid="2046010" type="Info" internal="true" />
  <msg mid="2043232" type="Info" internal="true" />
  <msg mid="2044541" type="Warning" internal="true" />
  <msg mid="2046067" type="Info" internal="true" />
  <msg mid="2043231" type="Info" internal="true" />
  <msg mid="2012475" type="Warning" internal="true" />
  <msg mid="2043330" type="Warning" internal="true" />
  <msg mid="2046201" type="Info" internal="true" />
  <msg mid="2043018" type="Info" internal="true" />
  <msg mid="2046399" type="Info" internal="true" />
  <msg mid="2046014" type="Info" internal="true" />
  <msg mid="2046013" type="Info" internal="true" />
  <msg mid="2044561" type="Info" internal="true" />
  <msg mid="2046012" type="Info" internal="true" />
  <msg mid="2043328" type="Info" internal="true" />
  <msg mid="2044320" type="Info" internal="true" />
  <msg mid="2046400" type="Info" internal="true" />
  <msg mid="2043927" type="Warning" internal="true" />
</userSetting>
