<?xml version="1.0" ?>
<ipxact:component xmlns:ipxact="http://www.accellera.org/XMLSchema/IPXACT/1685-2014" xmlns:lattice="http://www.latticesemi.com/lattice" xmlns:lsccip="http://www.latticesemi.com/XMLSchema/Radiant/ip">
    <ipxact:vendor>JayFox</ipxact:vendor>
    <ipxact:library>my_ip</ipxact:library>
    <ipxact:name>adc0</ipxact:name>
    <ipxact:version>2.0.0</ipxact:version>
    <ipxact:busInterfaces>
        <ipxact:busInterface>
            <ipxact:name>APB_S0</ipxact:name>
            <ipxact:displayName>APB_S0</ipxact:displayName>
            <ipxact:description/>
            <ipxact:busType library="AMBA3" name="APB" vendor="amba.com" version="r1p0"/>
            <ipxact:abstractionTypes>
                <ipxact:abstractionType>
                    <ipxact:abstractionRef library="AMBA3" name="APB_rtl" vendor="amba.com" version="r1p0"/>
                    <ipxact:portMaps>
                        <ipxact:portMap>
                            <ipxact:logicalPort>
                                <ipxact:name>PADDR</ipxact:name>
                            </ipxact:logicalPort>
                            <ipxact:physicalPort>
                                <ipxact:name>PADDR</ipxact:name>
                            </ipxact:physicalPort>
                        </ipxact:portMap>
                        <ipxact:portMap>
                            <ipxact:logicalPort>
                                <ipxact:name>PENABLE</ipxact:name>
                            </ipxact:logicalPort>
                            <ipxact:physicalPort>
                                <ipxact:name>PENABLE</ipxact:name>
                            </ipxact:physicalPort>
                        </ipxact:portMap>
                        <ipxact:portMap>
                            <ipxact:logicalPort>
                                <ipxact:name>PRDATA</ipxact:name>
                            </ipxact:logicalPort>
                            <ipxact:physicalPort>
                                <ipxact:name>PRDATA</ipxact:name>
                            </ipxact:physicalPort>
                        </ipxact:portMap>
                        <ipxact:portMap>
                            <ipxact:logicalPort>
                                <ipxact:name>PREADY</ipxact:name>
                            </ipxact:logicalPort>
                            <ipxact:physicalPort>
                                <ipxact:name>PREADY</ipxact:name>
                            </ipxact:physicalPort>
                        </ipxact:portMap>
                        <ipxact:portMap>
                            <ipxact:logicalPort>
                                <ipxact:name>PSELx</ipxact:name>
                            </ipxact:logicalPort>
                            <ipxact:physicalPort>
                                <ipxact:name>PSEL</ipxact:name>
                            </ipxact:physicalPort>
                        </ipxact:portMap>
                        <ipxact:portMap>
                            <ipxact:logicalPort>
                                <ipxact:name>PSLVERR</ipxact:name>
                            </ipxact:logicalPort>
                            <ipxact:physicalPort>
                                <ipxact:name>PSLVERR</ipxact:name>
                            </ipxact:physicalPort>
                        </ipxact:portMap>
                        <ipxact:portMap>
                            <ipxact:logicalPort>
                                <ipxact:name>PWDATA</ipxact:name>
                            </ipxact:logicalPort>
                            <ipxact:physicalPort>
                                <ipxact:name>PWDATA</ipxact:name>
                            </ipxact:physicalPort>
                        </ipxact:portMap>
                        <ipxact:portMap>
                            <ipxact:logicalPort>
                                <ipxact:name>PWRITE</ipxact:name>
                            </ipxact:logicalPort>
                            <ipxact:physicalPort>
                                <ipxact:name>PWRITE</ipxact:name>
                            </ipxact:physicalPort>
                        </ipxact:portMap>
                    </ipxact:portMaps>
                </ipxact:abstractionType>
            </ipxact:abstractionTypes>
            <ipxact:slave>
                <ipxact:memoryMapRef memoryMapRef="NewMemmap1"/>
            </ipxact:slave>
        </ipxact:busInterface>
    </ipxact:busInterfaces>
    <ipxact:memoryMaps>
        <ipxact:memoryMap>
            <ipxact:name>NewMemmap1</ipxact:name>
            <ipxact:displayName>NewMemmap1</ipxact:displayName>
            <ipxact:description>New Memorymap</ipxact:description>
            <ipxact:addressBlock>
                <ipxact:name>NewAddressBlock1</ipxact:name>
                <ipxact:baseAddress>0</ipxact:baseAddress>
                <ipxact:range>0</ipxact:range>
                <ipxact:width>0</ipxact:width>
                <ipxact:register>
                    <ipxact:name>NewRegister1</ipxact:name>
                    <ipxact:displayName>NewRegister1</ipxact:displayName>
                    <ipxact:description>New Register</ipxact:description>
                    <ipxact:addressOffset>0</ipxact:addressOffset>
                    <ipxact:size>32</ipxact:size>
                    <ipxact:volatile>true</ipxact:volatile>
                    <ipxact:access>read-write</ipxact:access>
                    <ipxact:field>
                        <ipxact:name>NewField1</ipxact:name>
                        <ipxact:displayName>NewField1</ipxact:displayName>
                        <ipxact:description>New RegisterField</ipxact:description>
                        <ipxact:bitOffset>0</ipxact:bitOffset>
                        <ipxact:bitWidth>0</ipxact:bitWidth>
                        <ipxact:volatile>true</ipxact:volatile>
                        <ipxact:access>read-write</ipxact:access>
                    </ipxact:field>
                </ipxact:register>
            </ipxact:addressBlock>
        </ipxact:memoryMap>
    </ipxact:memoryMaps>
    <ipxact:model>
        <ipxact:instantiations>
            <ipxact:componentInstantiation>
                <ipxact:name>adc0</ipxact:name>
            </ipxact:componentInstantiation>
            <ipxact:designInstantiation>
                <ipxact:name>adc0_design</ipxact:name>
                <ipxact:designRef library="my_ip" name="adc0" vendor="JayFox" version="2.0.0"/>
            </ipxact:designInstantiation>
        </ipxact:instantiations>
        <ipxact:ports>
            <ipxact:port>
                <ipxact:name>clk_i</ipxact:name>
                <ipxact:displayName>clk_i</ipxact:displayName>
                <ipxact:wire>
                    <ipxact:direction>in</ipxact:direction>
                </ipxact:wire>
            </ipxact:port>
            <ipxact:port>
                <ipxact:name>rst_n_i</ipxact:name>
                <ipxact:displayName>rst_n_i</ipxact:displayName>
                <ipxact:wire>
                    <ipxact:direction>in</ipxact:direction>
                </ipxact:wire>
            </ipxact:port>
            <ipxact:port>
                <ipxact:name>PSEL</ipxact:name>
                <ipxact:displayName>PSEL</ipxact:displayName>
                <ipxact:wire>
                    <ipxact:direction>in</ipxact:direction>
                </ipxact:wire>
            </ipxact:port>
            <ipxact:port>
                <ipxact:name>PENABLE</ipxact:name>
                <ipxact:displayName>PENABLE</ipxact:displayName>
                <ipxact:wire>
                    <ipxact:direction>in</ipxact:direction>
                </ipxact:wire>
            </ipxact:port>
            <ipxact:port>
                <ipxact:name>PADDR</ipxact:name>
                <ipxact:displayName>PADDR</ipxact:displayName>
                <ipxact:wire>
                    <ipxact:direction>in</ipxact:direction>
                    <ipxact:vectors>
                        <ipxact:vector>
                            <ipxact:left>7</ipxact:left>
                            <ipxact:right>0</ipxact:right>
                        </ipxact:vector>
                    </ipxact:vectors>
                </ipxact:wire>
            </ipxact:port>
            <ipxact:port>
                <ipxact:name>PWRITE</ipxact:name>
                <ipxact:displayName>PWRITE</ipxact:displayName>
                <ipxact:wire>
                    <ipxact:direction>in</ipxact:direction>
                </ipxact:wire>
            </ipxact:port>
            <ipxact:port>
                <ipxact:name>PWDATA</ipxact:name>
                <ipxact:displayName>PWDATA</ipxact:displayName>
                <ipxact:wire>
                    <ipxact:direction>in</ipxact:direction>
                    <ipxact:vectors>
                        <ipxact:vector>
                            <ipxact:left>31</ipxact:left>
                            <ipxact:right>0</ipxact:right>
                        </ipxact:vector>
                    </ipxact:vectors>
                </ipxact:wire>
            </ipxact:port>
            <ipxact:port>
                <ipxact:name>PRDATA</ipxact:name>
                <ipxact:displayName>PRDATA</ipxact:displayName>
                <ipxact:wire>
                    <ipxact:direction>out</ipxact:direction>
                    <ipxact:vectors>
                        <ipxact:vector>
                            <ipxact:left>31</ipxact:left>
                            <ipxact:right>0</ipxact:right>
                        </ipxact:vector>
                    </ipxact:vectors>
                </ipxact:wire>
            </ipxact:port>
            <ipxact:port>
                <ipxact:name>PREADY</ipxact:name>
                <ipxact:displayName>PREADY</ipxact:displayName>
                <ipxact:wire>
                    <ipxact:direction>out</ipxact:direction>
                </ipxact:wire>
            </ipxact:port>
            <ipxact:port>
                <ipxact:name>PSLVERR</ipxact:name>
                <ipxact:displayName>PSLVERR</ipxact:displayName>
                <ipxact:wire>
                    <ipxact:direction>out</ipxact:direction>
                </ipxact:wire>
            </ipxact:port>
            <ipxact:port>
                <ipxact:name>alive</ipxact:name>
                <ipxact:displayName>alive</ipxact:displayName>
                <ipxact:wire>
                    <ipxact:direction>out</ipxact:direction>
                </ipxact:wire>
            </ipxact:port>
            <ipxact:port>
                <ipxact:name>pll_adc_i</ipxact:name>
                <ipxact:displayName>pll_adc_i</ipxact:displayName>
                <ipxact:wire>
                    <ipxact:direction>in</ipxact:direction>
                </ipxact:wire>
            </ipxact:port>
            <ipxact:port>
                <ipxact:name>pll_fsm_i</ipxact:name>
                <ipxact:displayName>pll_fsm_i</ipxact:displayName>
                <ipxact:wire>
                    <ipxact:direction>in</ipxact:direction>
                </ipxact:wire>
            </ipxact:port>
            <ipxact:port>
                <ipxact:name>pll_lock_i</ipxact:name>
                <ipxact:displayName>pll_lock_i</ipxact:displayName>
                <ipxact:wire>
                    <ipxact:direction>in</ipxact:direction>
                </ipxact:wire>
            </ipxact:port>
            <ipxact:port>
                <ipxact:name>adc_dn0</ipxact:name>
                <ipxact:displayName>adc_dn0</ipxact:displayName>
                <ipxact:wire>
                    <ipxact:direction>in</ipxact:direction>
                </ipxact:wire>
            </ipxact:port>
            <ipxact:port>
                <ipxact:name>adc_dn1</ipxact:name>
                <ipxact:displayName>adc_dn1</ipxact:displayName>
                <ipxact:wire>
                    <ipxact:direction>in</ipxact:direction>
                </ipxact:wire>
            </ipxact:port>
            <ipxact:port>
                <ipxact:name>adc_dp0</ipxact:name>
                <ipxact:displayName>adc_dp0</ipxact:displayName>
                <ipxact:wire>
                    <ipxact:direction>in</ipxact:direction>
                </ipxact:wire>
            </ipxact:port>
            <ipxact:port>
                <ipxact:name>adc_dp1</ipxact:name>
                <ipxact:displayName>adc_dp1</ipxact:displayName>
                <ipxact:wire>
                    <ipxact:direction>in</ipxact:direction>
                </ipxact:wire>
            </ipxact:port>
        </ipxact:ports>
    </ipxact:model>
    <ipxact:fileSets>
        <ipxact:fileSet>
            <ipxact:name>ipx_file_list</ipxact:name>
            <ipxact:file>
                <ipxact:name>rtl/adc0_bb.v</ipxact:name>
                <ipxact:fileType user="black_box_verilog">user</ipxact:fileType>
            </ipxact:file>
            <ipxact:file>
                <ipxact:name>adc0.cfg</ipxact:name>
                <ipxact:fileType user="cfg">user</ipxact:fileType>
            </ipxact:file>
            <ipxact:file>
                <ipxact:name>misc/adc0_tmpl.v</ipxact:name>
                <ipxact:fileType user="template_verilog">user</ipxact:fileType>
            </ipxact:file>
            <ipxact:file>
                <ipxact:name>misc/adc0_tmpl.vhd</ipxact:name>
                <ipxact:fileType user="template_vhdl">user</ipxact:fileType>
            </ipxact:file>
            <ipxact:file>
                <ipxact:name>rtl/adc0.v</ipxact:name>
                <ipxact:fileType user="top_level_verilog">user</ipxact:fileType>
            </ipxact:file>
            <ipxact:file>
                <ipxact:name>rtl/adc0_globals.v</ipxact:name>
                <ipxact:fileType user="core_verilog">user</ipxact:fileType>
            </ipxact:file>
            <ipxact:file>
                <ipxact:name>rtl/ADC_fsm.v</ipxact:name>
                <ipxact:fileType user="core_verilog">user</ipxact:fileType>
            </ipxact:file>
            <ipxact:file>
                <ipxact:name>rtl/ADCBLOCK.v</ipxact:name>
                <ipxact:fileType user="core_verilog">user</ipxact:fileType>
            </ipxact:file>
            <ipxact:file>
                <ipxact:name>rtl/APB2ADC_top.vhd</ipxact:name>
                <ipxact:fileType user="core_vhdl">user</ipxact:fileType>
            </ipxact:file>
            <ipxact:file>
                <ipxact:name>design.xml</ipxact:name>
                <ipxact:fileType user="IP-XACT_design">user</ipxact:fileType>
            </ipxact:file>
            <ipxact:file>
                <ipxact:name>driver/nexus_adc.c</ipxact:name>
                <ipxact:fileType user="driver_source">user</ipxact:fileType>
            </ipxact:file>
            <ipxact:file>
                <ipxact:name>driver/nexus_adc.h</ipxact:name>
                <ipxact:fileType user="driver_header">user</ipxact:fileType>
            </ipxact:file>
        </ipxact:fileSet>
        <ipxact:fileSet>
            <ipxact:name>driver_file_list</ipxact:name>
            <ipxact:file>
                <ipxact:name>driver/nexus_adc.c</ipxact:name>
                <ipxact:fileType user="driver_source">user</ipxact:fileType>
            </ipxact:file>
            <ipxact:file>
                <ipxact:name>driver/nexus_adc.h</ipxact:name>
                <ipxact:fileType user="driver_header">user</ipxact:fileType>
            </ipxact:file>
        </ipxact:fileSet>
    </ipxact:fileSets>
    <ipxact:vendorExtensions>
        <lsccip:moduleRef lsccip:display_name="nexus_adc" lsccip:display_vendor="JayFox" lsccip:library="my_ip" lsccip:name="nexus_adc" lsccip:vendor="JayFox" lsccip:version="2.0.0"/>
        <lsccip:deviceInfo>
            <lsccip:device>LFCPNX-100</lsccip:device>
            <lsccip:device_int>jd5d80</lsccip:device_int>
            <lsccip:package>BBG484</lsccip:package>
            <lsccip:package_int>BBG484</lsccip:package_int>
            <lsccip:performanceGrade>8_High-Performance_1.0V</lsccip:performanceGrade>
            <lsccip:speed_int>11</lsccip:speed_int>
            <lsccip:operation>Commercial</lsccip:operation>
            <lsccip:family>LFCPNX</lsccip:family>
            <lsccip:architecture>jd5d00</lsccip:architecture>
            <lsccip:partnumber>LFCPNX-100-8BBG484C</lsccip:partnumber>
        </lsccip:deviceInfo>
        <lsccip:generationInfo>
            <lsccip:fileVersion>20180929</lsccip:fileVersion>
            <lsccip:createdTimestamp>2025 11 21 18:19:30</lsccip:createdTimestamp>
            <lsccip:radiantBuild>&quot;Lattice Propel&quot; (64-bit) 2025.1.0.2509231446_sp1</lsccip:radiantBuild>
        </lsccip:generationInfo>
    </ipxact:vendorExtensions>
</ipxact:component>
