<?xml version="1.0" encoding="UTF-8"?>
<LatticeIPSummary>
    <IpInfo IP_Module_Name="gpio0" IP_Name="GPIO" License_Feature="-" License_Status="-" Vendor="latticesemi.com" Version="1.8.0" Vlnv="latticesemi.com:ip:gpio:1.8.0"/>
    <IpInfo IP_Module_Name="ahbl0" IP_Name="AHB Lite Interconnect" License_Feature="-" License_Status="-" Vendor="latticesemi.com" Version="1.4.0" Vlnv="latticesemi.com:module:ahb_lite_interconnect:1.4.0"/>
    <IpInfo IP_Module_Name="osc0" IP_Name="OSC for CRE" License_Feature="-" License_Status="-" Vendor="latticesemi.com" Version="1.4.0" Vlnv="latticesemi.com:module:osc_cre:1.4.0"/>
    <IpInfo IP_Module_Name="pll0" IP_Name="PLL" License_Feature="-" License_Status="-" Vendor="latticesemi.com" Version="1.9.1" Vlnv="latticesemi.com:module:pll:1.9.1"/>
    <IpInfo IP_Module_Name="ahbl2apb0" IP_Name="AHB Lite to APB Bridge" License_Feature="-" License_Status="-" Vendor="latticesemi.com" Version="1.1.2" Vlnv="latticesemi.com:module:ahb_lite_to_apb_bridge:1.1.2"/>
    <IpInfo IP_Module_Name="uart0" IP_Name="UART" License_Feature="-" License_Status="-" Vendor="latticesemi.com" Version="1.4.0" Vlnv="latticesemi.com:ip:uart:1.4.0"/>
    <IpInfo IP_Module_Name="apb0" IP_Name="APB Interconnect" License_Feature="-" License_Status="-" Vendor="latticesemi.com" Version="1.3.0" Vlnv="latticesemi.com:module:apb_interconnect:1.3.0"/>
    <IpInfo IP_Module_Name="cpu0" IP_Name="RISC-V MC" License_Feature="-" License_Status="-" Vendor="latticesemi.com" Version="2.8.1" Vlnv="latticesemi.com:ip:riscv_mc:2.8.1"/>
    <IpInfo IP_Module_Name="system0" IP_Name="System Memory" License_Feature="-" License_Status="-" Vendor="latticesemi.com" Version="2.4.0" Vlnv="latticesemi.com:ip:system_memory:2.4.0"/>
    <IpInfo IP_Module_Name="spi0" IP_Name="SPI_4wire" License_Feature="-" License_Status="-" Vendor="JVos" Version="2.0.1" Vlnv="JVos:ip:SPI_4wire:2.0.1"/>
</LatticeIPSummary>
