<?xml version="1.0" ?>
<ipxact:design xmlns:ipxact="http://www.accellera.org/XMLSchema/IPXACT/1685-2014" xmlns:lattice="http://www.latticesemi.com/lattice" xmlns:lsccip="http://www.latticesemi.com/XMLSchema/Radiant/ip">
    <ipxact:vendor>JayFox</ipxact:vendor>
    <ipxact:library>my_ip</ipxact:library>
    <ipxact:name>localmem0</ipxact:name>
    <ipxact:version>2.1.0</ipxact:version>
    <ipxact:componentInstances>
        <ipxact:componentInstance>
            <ipxact:instanceName>apb_to_mem_inst</ipxact:instanceName>
            <ipxact:componentRef library="my_ip" name="localmem" vendor="JayFox" version="2.1.0">
                <ipxact:configurableElementValues/>
            </ipxact:componentRef>
        </ipxact:componentInstance>
    </ipxact:componentInstances>
    <ipxact:adHocConnections>
        <ipxact:adHocConnection>
            <ipxact:name>localmem0.clk_i</ipxact:name>
            <ipxact:portReferences>
                <ipxact:internalPortReference componentRef="localmem0" portRef="clk_i"/>
                <ipxact:externalPortReference portRef="clk_i"/>
            </ipxact:portReferences>
        </ipxact:adHocConnection>
        <ipxact:adHocConnection>
            <ipxact:name>localmem0.rst_n_i</ipxact:name>
            <ipxact:portReferences>
                <ipxact:internalPortReference componentRef="localmem0" portRef="rst_n_i"/>
                <ipxact:externalPortReference portRef="rst_n_i"/>
            </ipxact:portReferences>
        </ipxact:adHocConnection>
        <ipxact:adHocConnection>
            <ipxact:name>localmem0.PSEL</ipxact:name>
            <ipxact:portReferences>
                <ipxact:internalPortReference componentRef="localmem0" portRef="PSEL"/>
                <ipxact:externalPortReference portRef="PSEL"/>
            </ipxact:portReferences>
        </ipxact:adHocConnection>
        <ipxact:adHocConnection>
            <ipxact:name>localmem0.PENABLE</ipxact:name>
            <ipxact:portReferences>
                <ipxact:internalPortReference componentRef="localmem0" portRef="PENABLE"/>
                <ipxact:externalPortReference portRef="PENABLE"/>
            </ipxact:portReferences>
        </ipxact:adHocConnection>
        <ipxact:adHocConnection>
            <ipxact:name>localmem0.PADDR.7:0</ipxact:name>
            <ipxact:portReferences>
                <ipxact:internalPortReference componentRef="localmem0" portRef="PADDR">
                    <ipxact:partSelect>
                        <ipxact:range>
                            <ipxact:left>7</ipxact:left>
                            <ipxact:right>0</ipxact:right>
                        </ipxact:range>
                    </ipxact:partSelect>
                </ipxact:internalPortReference>
                <ipxact:externalPortReference portRef="PADDR">
                    <ipxact:partSelect>
                        <ipxact:range>
                            <ipxact:left>7</ipxact:left>
                            <ipxact:right>0</ipxact:right>
                        </ipxact:range>
                    </ipxact:partSelect>
                </ipxact:externalPortReference>
            </ipxact:portReferences>
        </ipxact:adHocConnection>
        <ipxact:adHocConnection>
            <ipxact:name>localmem0.PWRITE</ipxact:name>
            <ipxact:portReferences>
                <ipxact:internalPortReference componentRef="localmem0" portRef="PWRITE"/>
                <ipxact:externalPortReference portRef="PWRITE"/>
            </ipxact:portReferences>
        </ipxact:adHocConnection>
        <ipxact:adHocConnection>
            <ipxact:name>localmem0.PWDATA.31:0</ipxact:name>
            <ipxact:portReferences>
                <ipxact:internalPortReference componentRef="localmem0" portRef="PWDATA">
                    <ipxact:partSelect>
                        <ipxact:range>
                            <ipxact:left>31</ipxact:left>
                            <ipxact:right>0</ipxact:right>
                        </ipxact:range>
                    </ipxact:partSelect>
                </ipxact:internalPortReference>
                <ipxact:externalPortReference portRef="PWDATA">
                    <ipxact:partSelect>
                        <ipxact:range>
                            <ipxact:left>31</ipxact:left>
                            <ipxact:right>0</ipxact:right>
                        </ipxact:range>
                    </ipxact:partSelect>
                </ipxact:externalPortReference>
            </ipxact:portReferences>
        </ipxact:adHocConnection>
        <ipxact:adHocConnection>
            <ipxact:name>localmem0.PRDATA.31:0</ipxact:name>
            <ipxact:portReferences>
                <ipxact:internalPortReference componentRef="localmem0" portRef="PRDATA">
                    <ipxact:partSelect>
                        <ipxact:range>
                            <ipxact:left>31</ipxact:left>
                            <ipxact:right>0</ipxact:right>
                        </ipxact:range>
                    </ipxact:partSelect>
                </ipxact:internalPortReference>
                <ipxact:externalPortReference portRef="PRDATA">
                    <ipxact:partSelect>
                        <ipxact:range>
                            <ipxact:left>31</ipxact:left>
                            <ipxact:right>0</ipxact:right>
                        </ipxact:range>
                    </ipxact:partSelect>
                </ipxact:externalPortReference>
            </ipxact:portReferences>
        </ipxact:adHocConnection>
        <ipxact:adHocConnection>
            <ipxact:name>localmem0.PREADY</ipxact:name>
            <ipxact:portReferences>
                <ipxact:internalPortReference componentRef="localmem0" portRef="PREADY"/>
                <ipxact:externalPortReference portRef="PREADY"/>
            </ipxact:portReferences>
        </ipxact:adHocConnection>
        <ipxact:adHocConnection>
            <ipxact:name>localmem0.PSLVERR</ipxact:name>
            <ipxact:portReferences>
                <ipxact:internalPortReference componentRef="localmem0" portRef="PSLVERR"/>
                <ipxact:externalPortReference portRef="PSLVERR"/>
            </ipxact:portReferences>
        </ipxact:adHocConnection>
    </ipxact:adHocConnections>
</ipxact:design>
