<?xml version="1.0" encoding="UTF-8"?>
<lsccip:ip xmlns:lsccip="http://www.latticesemi.com/XMLSchema/Radiant/ip" xmlns:ipxact="http://www.accellera.org/XMLSchema/IPXACT/1685-2014" xmlns:lattice="http://www.latticesemi.com/lattic" platform="Propel" platform_version="2025.1">
    <lsccip:extensions>
        <lsccip:rtl>
            <lsccip:refPath>
                <lsccip:path value="C:/Users/javos"/>
            </lsccip:refPath>
            <lsccip:source/>
            <lsccip:testbench/>
        </lsccip:rtl>
    </lsccip:extensions>
</lsccip:ip>
