<?xml version="1.0" ?>
<ipxact:design xmlns:ipxact="http://www.accellera.org/XMLSchema/IPXACT/1685-2014" xmlns:lattice="http://www.latticesemi.com/lattice" xmlns:lsccip="http://www.latticesemi.com/XMLSchema/Radiant/ip">
    <ipxact:vendor>JVos</ipxact:vendor>
    <ipxact:library>ip</ipxact:library>
    <ipxact:name>spi0</ipxact:name>
    <ipxact:version>2.0.1</ipxact:version>
    <ipxact:componentInstances>
        <ipxact:componentInstance>
            <ipxact:instanceName>apb_to_spi_inst</ipxact:instanceName>
            <ipxact:componentRef library="ip" name="SPI_4wire" vendor="JVos" version="2.0.1">
                <ipxact:configurableElementValues/>
            </ipxact:componentRef>
        </ipxact:componentInstance>
    </ipxact:componentInstances>
    <ipxact:adHocConnections>
        <ipxact:adHocConnection>
            <ipxact:name>spi0.clk_i</ipxact:name>
            <ipxact:portReferences>
                <ipxact:internalPortReference componentRef="spi0" portRef="clk_i"/>
                <ipxact:externalPortReference portRef="clk_i"/>
            </ipxact:portReferences>
        </ipxact:adHocConnection>
        <ipxact:adHocConnection>
            <ipxact:name>spi0.rst_n_i</ipxact:name>
            <ipxact:portReferences>
                <ipxact:internalPortReference componentRef="spi0" portRef="rst_n_i"/>
                <ipxact:externalPortReference portRef="rst_n_i"/>
            </ipxact:portReferences>
        </ipxact:adHocConnection>
        <ipxact:adHocConnection>
            <ipxact:name>spi0.sclk_i</ipxact:name>
            <ipxact:portReferences>
                <ipxact:internalPortReference componentRef="spi0" portRef="sclk_i"/>
                <ipxact:externalPortReference portRef="sclk_i"/>
            </ipxact:portReferences>
        </ipxact:adHocConnection>
        <ipxact:adHocConnection>
            <ipxact:name>spi0.PSEL</ipxact:name>
            <ipxact:portReferences>
                <ipxact:internalPortReference componentRef="spi0" portRef="PSEL"/>
                <ipxact:externalPortReference portRef="PSEL"/>
            </ipxact:portReferences>
        </ipxact:adHocConnection>
        <ipxact:adHocConnection>
            <ipxact:name>spi0.PENABLE</ipxact:name>
            <ipxact:portReferences>
                <ipxact:internalPortReference componentRef="spi0" portRef="PENABLE"/>
                <ipxact:externalPortReference portRef="PENABLE"/>
            </ipxact:portReferences>
        </ipxact:adHocConnection>
        <ipxact:adHocConnection>
            <ipxact:name>spi0.PADDR.7:0</ipxact:name>
            <ipxact:portReferences>
                <ipxact:internalPortReference componentRef="spi0" portRef="PADDR">
                    <ipxact:partSelect>
                        <ipxact:range>
                            <ipxact:left>7</ipxact:left>
                            <ipxact:right>0</ipxact:right>
                        </ipxact:range>
                    </ipxact:partSelect>
                </ipxact:internalPortReference>
                <ipxact:externalPortReference portRef="PADDR">
                    <ipxact:partSelect>
                        <ipxact:range>
                            <ipxact:left>7</ipxact:left>
                            <ipxact:right>0</ipxact:right>
                        </ipxact:range>
                    </ipxact:partSelect>
                </ipxact:externalPortReference>
            </ipxact:portReferences>
        </ipxact:adHocConnection>
        <ipxact:adHocConnection>
            <ipxact:name>spi0.PWRITE</ipxact:name>
            <ipxact:portReferences>
                <ipxact:internalPortReference componentRef="spi0" portRef="PWRITE"/>
                <ipxact:externalPortReference portRef="PWRITE"/>
            </ipxact:portReferences>
        </ipxact:adHocConnection>
        <ipxact:adHocConnection>
            <ipxact:name>spi0.PWDATA.31:0</ipxact:name>
            <ipxact:portReferences>
                <ipxact:internalPortReference componentRef="spi0" portRef="PWDATA">
                    <ipxact:partSelect>
                        <ipxact:range>
                            <ipxact:left>31</ipxact:left>
                            <ipxact:right>0</ipxact:right>
                        </ipxact:range>
                    </ipxact:partSelect>
                </ipxact:internalPortReference>
                <ipxact:externalPortReference portRef="PWDATA">
                    <ipxact:partSelect>
                        <ipxact:range>
                            <ipxact:left>31</ipxact:left>
                            <ipxact:right>0</ipxact:right>
                        </ipxact:range>
                    </ipxact:partSelect>
                </ipxact:externalPortReference>
            </ipxact:portReferences>
        </ipxact:adHocConnection>
        <ipxact:adHocConnection>
            <ipxact:name>spi0.PRDATA.31:0</ipxact:name>
            <ipxact:portReferences>
                <ipxact:internalPortReference componentRef="spi0" portRef="PRDATA">
                    <ipxact:partSelect>
                        <ipxact:range>
                            <ipxact:left>31</ipxact:left>
                            <ipxact:right>0</ipxact:right>
                        </ipxact:range>
                    </ipxact:partSelect>
                </ipxact:internalPortReference>
                <ipxact:externalPortReference portRef="PRDATA">
                    <ipxact:partSelect>
                        <ipxact:range>
                            <ipxact:left>31</ipxact:left>
                            <ipxact:right>0</ipxact:right>
                        </ipxact:range>
                    </ipxact:partSelect>
                </ipxact:externalPortReference>
            </ipxact:portReferences>
        </ipxact:adHocConnection>
        <ipxact:adHocConnection>
            <ipxact:name>spi0.PREADY</ipxact:name>
            <ipxact:portReferences>
                <ipxact:internalPortReference componentRef="spi0" portRef="PREADY"/>
                <ipxact:externalPortReference portRef="PREADY"/>
            </ipxact:portReferences>
        </ipxact:adHocConnection>
        <ipxact:adHocConnection>
            <ipxact:name>spi0.PSLVERR</ipxact:name>
            <ipxact:portReferences>
                <ipxact:internalPortReference componentRef="spi0" portRef="PSLVERR"/>
                <ipxact:externalPortReference portRef="PSLVERR"/>
            </ipxact:portReferences>
        </ipxact:adHocConnection>
        <ipxact:adHocConnection>
            <ipxact:name>spi0.SCLK</ipxact:name>
            <ipxact:portReferences>
                <ipxact:internalPortReference componentRef="spi0" portRef="SCLK"/>
                <ipxact:externalPortReference portRef="SCLK"/>
            </ipxact:portReferences>
        </ipxact:adHocConnection>
        <ipxact:adHocConnection>
            <ipxact:name>spi0.DC</ipxact:name>
            <ipxact:portReferences>
                <ipxact:internalPortReference componentRef="spi0" portRef="DC"/>
                <ipxact:externalPortReference portRef="DC"/>
            </ipxact:portReferences>
        </ipxact:adHocConnection>
        <ipxact:adHocConnection>
            <ipxact:name>spi0.CS</ipxact:name>
            <ipxact:portReferences>
                <ipxact:internalPortReference componentRef="spi0" portRef="CS"/>
                <ipxact:externalPortReference portRef="CS"/>
            </ipxact:portReferences>
        </ipxact:adHocConnection>
        <ipxact:adHocConnection>
            <ipxact:name>spi0.SDIN</ipxact:name>
            <ipxact:portReferences>
                <ipxact:internalPortReference componentRef="spi0" portRef="SDIN"/>
                <ipxact:externalPortReference portRef="SDIN"/>
            </ipxact:portReferences>
        </ipxact:adHocConnection>
        <ipxact:adHocConnection>
            <ipxact:name>spi0.RST</ipxact:name>
            <ipxact:portReferences>
                <ipxact:internalPortReference componentRef="spi0" portRef="RST"/>
                <ipxact:externalPortReference portRef="RST"/>
            </ipxact:portReferences>
        </ipxact:adHocConnection>
    </ipxact:adHocConnections>
</ipxact:design>
