Library, Design Unit ,Compile time , Hardware Gen ,Optimization Stg1 ,Optimization Stg2 , Peak Mem Usage, Incr Mem Usage, Hardware Gen ,Optimization Stg1 ,Optimization Stg2
work, lscc_ram_dp_true_inst_Z21_layer0,0h:00m:17s,0h:00m:17s,-,0h:00m:00s,   337 MB,    40 MB,    40 MB,     0 MB,     0 MB
work, sysmem0_ipgen_lscc_mem_Z20_layer0,0h:00m:21s,0h:00m:21s,0h:00m:00s,0h:00m:00s,   337 MB,    41 MB,    41 MB,     0 MB,     0 MB
work, sysmem0_ipgen_lscc_ahblmem_subordinate_Z18_layer0,0h:00m:01s,0h:00m:01s,0h:00m:00s,0h:00m:00s,   342 MB,     0 MB,     0 MB,     0 MB,     0 MB
work, sysmem0_ipgen_lscc_sys_mem_Z16_layer0,0h:00m:25s,0h:00m:25s,-,0h:00m:00s,   342 MB,    42 MB,    42 MB,     0 MB,     0 MB
work, gpio0_ipgen_lscc_gpio_Z13_layer0,0h:00m:02s,0h:00m:02s,-,0h:00m:00s,   342 MB,     0 MB,     0 MB,     0 MB,     0 MB
work, cpu0_ipgen_Riscv_Dbg_IMC,0h:00m:17s,0h:00m:00s,0h:00m:01s,0h:00m:15s,   457 MB,    85 MB,     4 MB,    18 MB,    62 MB
work, cpu0_ipgen_timer_32,0h:00m:01s,0h:00m:00s,0h:00m:00s,0h:00m:01s,   457 MB,     8 MB,     0 MB,     1 MB,     7 MB
work, cpu0_ipgen_riscvsmall_Z10_layer0,0h:00m:12s,0h:00m:11s,0h:00m:00s,0h:00m:00s,   457 MB,    25 MB,    25 MB,     0 MB,     0 MB
work, apb0_ipgen_lscc_apb_decoder_Z8_layer0,0h:00m:04s,0h:00m:03s,0h:00m:00s,0h:00m:00s,   457 MB,     0 MB,     0 MB,     0 MB,     0 MB
work, apb0_ipgen_lscc_apb_interconnect_Z7_layer0,0h:00m:05s,0h:00m:05s,-,0h:00m:00s,   457 MB,     1 MB,     1 MB,     0 MB,     0 MB
work, ahbl2apb0_ipgen_lscc_ahbl2apb_Z6_layer0,0h:00m:02s,0h:00m:01s,0h:00m:00s,0h:00m:00s,   457 MB,     2 MB,     0 MB,     1 MB,     0 MB
work, ahbl0_ipgen_lscc_ahbl_decoder_Z2_layer0,0h:00m:02s,0h:00m:02s,0h:00m:00s,0h:00m:00s,   457 MB,     0 MB,     0 MB,     0 MB,     0 MB
work, ahbl0_ipgen_lscc_ahbl_interconnect_Z1_layer0,0h:00m:05s,0h:00m:05s,-,0h:00m:00s,   457 MB,     1 MB,     1 MB,     0 MB,     0 MB
