Library, Design Unit ,Compile time , Hardware Gen ,Optimization Stg1 ,Optimization Stg2 , Peak Mem Usage, Incr Mem Usage, Hardware Gen ,Optimization Stg1 ,Optimization Stg2
work, lscc_ram_dp_true_inst_Z18_layer0,0h:00m:06s,0h:00m:06s,-,0h:00m:00s,   302 MB,    83 MB,    83 MB,     0 MB,     0 MB
work, sysmem0_ipgen_lscc_mem_Z17_layer0,0h:00m:06s,0h:00m:06s,0h:00m:00s,0h:00m:00s,   302 MB,    85 MB,    85 MB,     0 MB,     0 MB
work, sysmem0_ipgen_lscc_sys_mem_Z15_layer0,0h:00m:07s,0h:00m:07s,-,0h:00m:00s,   302 MB,    87 MB,    87 MB,     0 MB,     0 MB
work, cpu0_ipgen_Riscv_Dbg_IMAC,0h:00m:03s,0h:00m:00s,0h:00m:00s,0h:00m:02s,   410 MB,    88 MB,     3 MB,    20 MB,    64 MB
work, cpu0_ipgen_riscvsmall_Z10_layer0,0h:00m:03s,0h:00m:03s,-,0h:00m:00s,   410 MB,    27 MB,    27 MB,     0 MB,     0 MB
work, apb0_ipgen_lscc_apb_interconnect_Z7_layer0,0h:00m:01s,0h:00m:01s,-,0h:00m:00s,   410 MB,     0 MB,     0 MB,     0 MB,     0 MB
work, ahbl0_ipgen_lscc_ahbl_interconnect_Z1_layer0,0h:00m:01s,0h:00m:01s,-,0h:00m:00s,   410 MB,     1 MB,     1 MB,     0 MB,     0 MB
