<?xml version="1.0" ?>
<ipxact:design xmlns:ipxact="http://www.accellera.org/XMLSchema/IPXACT/1685-2014" xmlns:lattice="http://www.latticesemi.com/lattice" xmlns:lsccip="http://www.latticesemi.com/XMLSchema/Radiant/ip">
    <ipxact:vendor>latticesemi.com</ipxact:vendor>
    <ipxact:library>ip</ipxact:library>
    <ipxact:name>cpu0</ipxact:name>
    <ipxact:version>2.8.1</ipxact:version>
    <ipxact:componentInstances>
        <ipxact:componentInstance>
            <ipxact:instanceName>riscvsmall_inst</ipxact:instanceName>
            <ipxact:componentRef library="ip" name="riscv_mc" vendor="latticesemi.com" version="2.8.1">
                <ipxact:configurableElementValues>
                    <ipxact:configurableElementValue referenceId="DEVICE">LIFCL</ipxact:configurableElementValue>
                    <ipxact:configurableElementValue referenceId="SIMULATION">False</ipxact:configurableElementValue>
                    <ipxact:configurableElementValue referenceId="HW_WATCHPOINT">0</ipxact:configurableElementValue>
                    <ipxact:configurableElementValue referenceId="E_STANDALONE">False</ipxact:configurableElementValue>
                    <ipxact:configurableElementValue referenceId="C_STANDALONE">True</ipxact:configurableElementValue>
                    <ipxact:configurableElementValue referenceId="M_STANDALONE">True</ipxact:configurableElementValue>
                    <ipxact:configurableElementValue referenceId="C_EXT">True</ipxact:configurableElementValue>
                    <ipxact:configurableElementValue referenceId="M_EXT">True</ipxact:configurableElementValue>
                    <ipxact:configurableElementValue referenceId="E_EXT">False</ipxact:configurableElementValue>
                    <ipxact:configurableElementValue referenceId="RESET_VECTOR_INPUT">00000000</ipxact:configurableElementValue>
                    <ipxact:configurableElementValue referenceId="RESET_VECTOR">32'h00000000</ipxact:configurableElementValue>
                    <ipxact:configurableElementValue referenceId="CACHE_ENABLE">False</ipxact:configurableElementValue>
                    <ipxact:configurableElementValue referenceId="CACHE_ENV">True</ipxact:configurableElementValue>
                    <ipxact:configurableElementValue referenceId="ICACHE_ENABLE">False</ipxact:configurableElementValue>
                    <ipxact:configurableElementValue referenceId="DCACHE_ENABLE">False</ipxact:configurableElementValue>
                    <ipxact:configurableElementValue referenceId="ICACHE_RANGE_LOW">32'hFFFFFFFF</ipxact:configurableElementValue>
                    <ipxact:configurableElementValue referenceId="ICACHE_RANGE_HIGH">32'h00000000</ipxact:configurableElementValue>
                    <ipxact:configurableElementValue referenceId="DCACHE_RANGE_LOW">32'hFFFFFFFF</ipxact:configurableElementValue>
                    <ipxact:configurableElementValue referenceId="DCACHE_RANGE_HIGH">32'h00000000</ipxact:configurableElementValue>
                    <ipxact:configurableElementValue referenceId="DEBUG_ENABLE">True</ipxact:configurableElementValue>
                    <ipxact:configurableElementValue referenceId="SOFT_JTAG">False</ipxact:configurableElementValue>
                    <ipxact:configurableElementValue referenceId="JTAG_CHANNEL_EXTEND">False</ipxact:configurableElementValue>
                    <ipxact:configurableElementValue referenceId="JTAG_CHANNEL">14</ipxact:configurableElementValue>
                    <ipxact:configurableElementValue referenceId="PIC_ENABLE">True</ipxact:configurableElementValue>
                    <ipxact:configurableElementValue referenceId="IRQ_NUM">2</ipxact:configurableElementValue>
                    <ipxact:configurableElementValue referenceId="TIMER_ENABLE">True</ipxact:configurableElementValue>
                    <ipxact:configurableElementValue referenceId="PICTIMER_START_ADDR">32'hFFFF0000</ipxact:configurableElementValue>
                    <ipxact:configurableElementValue referenceId="AHBL_DATA_OUTPUT_REG_EN">True</ipxact:configurableElementValue>
                    <ipxact:configurableElementValue referenceId="CFU_EN">False</ipxact:configurableElementValue>
                    <ipxact:configurableElementValue referenceId="CFU_N_CFUS">1</ipxact:configurableElementValue>
                    <ipxact:configurableElementValue referenceId="RVFI_EN">False</ipxact:configurableElementValue>
                </ipxact:configurableElementValues>
            </ipxact:componentRef>
        </ipxact:componentInstance>
    </ipxact:componentInstances>
    <ipxact:adHocConnections>
        <ipxact:adHocConnection>
            <ipxact:name>cpu0.CLK</ipxact:name>
            <ipxact:portReferences>
                <ipxact:internalPortReference componentRef="cpu0" portRef="CLK"/>
                <ipxact:externalPortReference portRef="clk_i"/>
            </ipxact:portReferences>
        </ipxact:adHocConnection>
        <ipxact:adHocConnection>
            <ipxact:name>cpu0.RESETN</ipxact:name>
            <ipxact:portReferences>
                <ipxact:internalPortReference componentRef="cpu0" portRef="RESETN"/>
                <ipxact:externalPortReference portRef="rst_n_i"/>
            </ipxact:portReferences>
        </ipxact:adHocConnection>
        <ipxact:adHocConnection>
            <ipxact:name>cpu0.SYSTEM_RESETN</ipxact:name>
            <ipxact:portReferences>
                <ipxact:internalPortReference componentRef="cpu0" portRef="SYSTEM_RESETN"/>
                <ipxact:externalPortReference portRef="system_resetn_o"/>
            </ipxact:portReferences>
        </ipxact:adHocConnection>
        <ipxact:adHocConnection>
            <ipxact:name>cpu0.IRQ.31:31</ipxact:name>
            <ipxact:tiedValue>open</ipxact:tiedValue>
            <ipxact:portReferences>
                <ipxact:internalPortReference componentRef="cpu0" portRef="IRQ">
                    <ipxact:partSelect>
                        <ipxact:range>
                            <ipxact:left>31</ipxact:left>
                            <ipxact:right>31</ipxact:right>
                        </ipxact:range>
                    </ipxact:partSelect>
                </ipxact:internalPortReference>
            </ipxact:portReferences>
        </ipxact:adHocConnection>
        <ipxact:adHocConnection>
            <ipxact:name>cpu0.IRQ.30:30</ipxact:name>
            <ipxact:tiedValue>open</ipxact:tiedValue>
            <ipxact:portReferences>
                <ipxact:internalPortReference componentRef="cpu0" portRef="IRQ">
                    <ipxact:partSelect>
                        <ipxact:range>
                            <ipxact:left>30</ipxact:left>
                            <ipxact:right>30</ipxact:right>
                        </ipxact:range>
                    </ipxact:partSelect>
                </ipxact:internalPortReference>
            </ipxact:portReferences>
        </ipxact:adHocConnection>
        <ipxact:adHocConnection>
            <ipxact:name>cpu0.IRQ.29:29</ipxact:name>
            <ipxact:tiedValue>open</ipxact:tiedValue>
            <ipxact:portReferences>
                <ipxact:internalPortReference componentRef="cpu0" portRef="IRQ">
                    <ipxact:partSelect>
                        <ipxact:range>
                            <ipxact:left>29</ipxact:left>
                            <ipxact:right>29</ipxact:right>
                        </ipxact:range>
                    </ipxact:partSelect>
                </ipxact:internalPortReference>
            </ipxact:portReferences>
        </ipxact:adHocConnection>
        <ipxact:adHocConnection>
            <ipxact:name>cpu0.IRQ.28:28</ipxact:name>
            <ipxact:tiedValue>open</ipxact:tiedValue>
            <ipxact:portReferences>
                <ipxact:internalPortReference componentRef="cpu0" portRef="IRQ">
                    <ipxact:partSelect>
                        <ipxact:range>
                            <ipxact:left>28</ipxact:left>
                            <ipxact:right>28</ipxact:right>
                        </ipxact:range>
                    </ipxact:partSelect>
                </ipxact:internalPortReference>
            </ipxact:portReferences>
        </ipxact:adHocConnection>
        <ipxact:adHocConnection>
            <ipxact:name>cpu0.IRQ.27:27</ipxact:name>
            <ipxact:tiedValue>open</ipxact:tiedValue>
            <ipxact:portReferences>
                <ipxact:internalPortReference componentRef="cpu0" portRef="IRQ">
                    <ipxact:partSelect>
                        <ipxact:range>
                            <ipxact:left>27</ipxact:left>
                            <ipxact:right>27</ipxact:right>
                        </ipxact:range>
                    </ipxact:partSelect>
                </ipxact:internalPortReference>
            </ipxact:portReferences>
        </ipxact:adHocConnection>
        <ipxact:adHocConnection>
            <ipxact:name>cpu0.IRQ.26:26</ipxact:name>
            <ipxact:tiedValue>open</ipxact:tiedValue>
            <ipxact:portReferences>
                <ipxact:internalPortReference componentRef="cpu0" portRef="IRQ">
                    <ipxact:partSelect>
                        <ipxact:range>
                            <ipxact:left>26</ipxact:left>
                            <ipxact:right>26</ipxact:right>
                        </ipxact:range>
                    </ipxact:partSelect>
                </ipxact:internalPortReference>
            </ipxact:portReferences>
        </ipxact:adHocConnection>
        <ipxact:adHocConnection>
            <ipxact:name>cpu0.IRQ.25:25</ipxact:name>
            <ipxact:tiedValue>open</ipxact:tiedValue>
            <ipxact:portReferences>
                <ipxact:internalPortReference componentRef="cpu0" portRef="IRQ">
                    <ipxact:partSelect>
                        <ipxact:range>
                            <ipxact:left>25</ipxact:left>
                            <ipxact:right>25</ipxact:right>
                        </ipxact:range>
                    </ipxact:partSelect>
                </ipxact:internalPortReference>
            </ipxact:portReferences>
        </ipxact:adHocConnection>
        <ipxact:adHocConnection>
            <ipxact:name>cpu0.IRQ.24:24</ipxact:name>
            <ipxact:tiedValue>open</ipxact:tiedValue>
            <ipxact:portReferences>
                <ipxact:internalPortReference componentRef="cpu0" portRef="IRQ">
                    <ipxact:partSelect>
                        <ipxact:range>
                            <ipxact:left>24</ipxact:left>
                            <ipxact:right>24</ipxact:right>
                        </ipxact:range>
                    </ipxact:partSelect>
                </ipxact:internalPortReference>
            </ipxact:portReferences>
        </ipxact:adHocConnection>
        <ipxact:adHocConnection>
            <ipxact:name>cpu0.IRQ.23:23</ipxact:name>
            <ipxact:tiedValue>open</ipxact:tiedValue>
            <ipxact:portReferences>
                <ipxact:internalPortReference componentRef="cpu0" portRef="IRQ">
                    <ipxact:partSelect>
                        <ipxact:range>
                            <ipxact:left>23</ipxact:left>
                            <ipxact:right>23</ipxact:right>
                        </ipxact:range>
                    </ipxact:partSelect>
                </ipxact:internalPortReference>
            </ipxact:portReferences>
        </ipxact:adHocConnection>
        <ipxact:adHocConnection>
            <ipxact:name>cpu0.IRQ.22:22</ipxact:name>
            <ipxact:tiedValue>open</ipxact:tiedValue>
            <ipxact:portReferences>
                <ipxact:internalPortReference componentRef="cpu0" portRef="IRQ">
                    <ipxact:partSelect>
                        <ipxact:range>
                            <ipxact:left>22</ipxact:left>
                            <ipxact:right>22</ipxact:right>
                        </ipxact:range>
                    </ipxact:partSelect>
                </ipxact:internalPortReference>
            </ipxact:portReferences>
        </ipxact:adHocConnection>
        <ipxact:adHocConnection>
            <ipxact:name>cpu0.IRQ.21:21</ipxact:name>
            <ipxact:tiedValue>open</ipxact:tiedValue>
            <ipxact:portReferences>
                <ipxact:internalPortReference componentRef="cpu0" portRef="IRQ">
                    <ipxact:partSelect>
                        <ipxact:range>
                            <ipxact:left>21</ipxact:left>
                            <ipxact:right>21</ipxact:right>
                        </ipxact:range>
                    </ipxact:partSelect>
                </ipxact:internalPortReference>
            </ipxact:portReferences>
        </ipxact:adHocConnection>
        <ipxact:adHocConnection>
            <ipxact:name>cpu0.IRQ.20:20</ipxact:name>
            <ipxact:tiedValue>open</ipxact:tiedValue>
            <ipxact:portReferences>
                <ipxact:internalPortReference componentRef="cpu0" portRef="IRQ">
                    <ipxact:partSelect>
                        <ipxact:range>
                            <ipxact:left>20</ipxact:left>
                            <ipxact:right>20</ipxact:right>
                        </ipxact:range>
                    </ipxact:partSelect>
                </ipxact:internalPortReference>
            </ipxact:portReferences>
        </ipxact:adHocConnection>
        <ipxact:adHocConnection>
            <ipxact:name>cpu0.IRQ.19:19</ipxact:name>
            <ipxact:tiedValue>open</ipxact:tiedValue>
            <ipxact:portReferences>
                <ipxact:internalPortReference componentRef="cpu0" portRef="IRQ">
                    <ipxact:partSelect>
                        <ipxact:range>
                            <ipxact:left>19</ipxact:left>
                            <ipxact:right>19</ipxact:right>
                        </ipxact:range>
                    </ipxact:partSelect>
                </ipxact:internalPortReference>
            </ipxact:portReferences>
        </ipxact:adHocConnection>
        <ipxact:adHocConnection>
            <ipxact:name>cpu0.IRQ.18:18</ipxact:name>
            <ipxact:tiedValue>open</ipxact:tiedValue>
            <ipxact:portReferences>
                <ipxact:internalPortReference componentRef="cpu0" portRef="IRQ">
                    <ipxact:partSelect>
                        <ipxact:range>
                            <ipxact:left>18</ipxact:left>
                            <ipxact:right>18</ipxact:right>
                        </ipxact:range>
                    </ipxact:partSelect>
                </ipxact:internalPortReference>
            </ipxact:portReferences>
        </ipxact:adHocConnection>
        <ipxact:adHocConnection>
            <ipxact:name>cpu0.IRQ.17:17</ipxact:name>
            <ipxact:tiedValue>open</ipxact:tiedValue>
            <ipxact:portReferences>
                <ipxact:internalPortReference componentRef="cpu0" portRef="IRQ">
                    <ipxact:partSelect>
                        <ipxact:range>
                            <ipxact:left>17</ipxact:left>
                            <ipxact:right>17</ipxact:right>
                        </ipxact:range>
                    </ipxact:partSelect>
                </ipxact:internalPortReference>
            </ipxact:portReferences>
        </ipxact:adHocConnection>
        <ipxact:adHocConnection>
            <ipxact:name>cpu0.IRQ.16:16</ipxact:name>
            <ipxact:tiedValue>open</ipxact:tiedValue>
            <ipxact:portReferences>
                <ipxact:internalPortReference componentRef="cpu0" portRef="IRQ">
                    <ipxact:partSelect>
                        <ipxact:range>
                            <ipxact:left>16</ipxact:left>
                            <ipxact:right>16</ipxact:right>
                        </ipxact:range>
                    </ipxact:partSelect>
                </ipxact:internalPortReference>
            </ipxact:portReferences>
        </ipxact:adHocConnection>
        <ipxact:adHocConnection>
            <ipxact:name>cpu0.IRQ.15:15</ipxact:name>
            <ipxact:tiedValue>open</ipxact:tiedValue>
            <ipxact:portReferences>
                <ipxact:internalPortReference componentRef="cpu0" portRef="IRQ">
                    <ipxact:partSelect>
                        <ipxact:range>
                            <ipxact:left>15</ipxact:left>
                            <ipxact:right>15</ipxact:right>
                        </ipxact:range>
                    </ipxact:partSelect>
                </ipxact:internalPortReference>
            </ipxact:portReferences>
        </ipxact:adHocConnection>
        <ipxact:adHocConnection>
            <ipxact:name>cpu0.IRQ.14:14</ipxact:name>
            <ipxact:tiedValue>open</ipxact:tiedValue>
            <ipxact:portReferences>
                <ipxact:internalPortReference componentRef="cpu0" portRef="IRQ">
                    <ipxact:partSelect>
                        <ipxact:range>
                            <ipxact:left>14</ipxact:left>
                            <ipxact:right>14</ipxact:right>
                        </ipxact:range>
                    </ipxact:partSelect>
                </ipxact:internalPortReference>
            </ipxact:portReferences>
        </ipxact:adHocConnection>
        <ipxact:adHocConnection>
            <ipxact:name>cpu0.IRQ.13:13</ipxact:name>
            <ipxact:tiedValue>open</ipxact:tiedValue>
            <ipxact:portReferences>
                <ipxact:internalPortReference componentRef="cpu0" portRef="IRQ">
                    <ipxact:partSelect>
                        <ipxact:range>
                            <ipxact:left>13</ipxact:left>
                            <ipxact:right>13</ipxact:right>
                        </ipxact:range>
                    </ipxact:partSelect>
                </ipxact:internalPortReference>
            </ipxact:portReferences>
        </ipxact:adHocConnection>
        <ipxact:adHocConnection>
            <ipxact:name>cpu0.IRQ.12:12</ipxact:name>
            <ipxact:tiedValue>open</ipxact:tiedValue>
            <ipxact:portReferences>
                <ipxact:internalPortReference componentRef="cpu0" portRef="IRQ">
                    <ipxact:partSelect>
                        <ipxact:range>
                            <ipxact:left>12</ipxact:left>
                            <ipxact:right>12</ipxact:right>
                        </ipxact:range>
                    </ipxact:partSelect>
                </ipxact:internalPortReference>
            </ipxact:portReferences>
        </ipxact:adHocConnection>
        <ipxact:adHocConnection>
            <ipxact:name>cpu0.IRQ.11:11</ipxact:name>
            <ipxact:tiedValue>open</ipxact:tiedValue>
            <ipxact:portReferences>
                <ipxact:internalPortReference componentRef="cpu0" portRef="IRQ">
                    <ipxact:partSelect>
                        <ipxact:range>
                            <ipxact:left>11</ipxact:left>
                            <ipxact:right>11</ipxact:right>
                        </ipxact:range>
                    </ipxact:partSelect>
                </ipxact:internalPortReference>
            </ipxact:portReferences>
        </ipxact:adHocConnection>
        <ipxact:adHocConnection>
            <ipxact:name>cpu0.IRQ.10:10</ipxact:name>
            <ipxact:tiedValue>open</ipxact:tiedValue>
            <ipxact:portReferences>
                <ipxact:internalPortReference componentRef="cpu0" portRef="IRQ">
                    <ipxact:partSelect>
                        <ipxact:range>
                            <ipxact:left>10</ipxact:left>
                            <ipxact:right>10</ipxact:right>
                        </ipxact:range>
                    </ipxact:partSelect>
                </ipxact:internalPortReference>
            </ipxact:portReferences>
        </ipxact:adHocConnection>
        <ipxact:adHocConnection>
            <ipxact:name>cpu0.IRQ.9:9</ipxact:name>
            <ipxact:tiedValue>open</ipxact:tiedValue>
            <ipxact:portReferences>
                <ipxact:internalPortReference componentRef="cpu0" portRef="IRQ">
                    <ipxact:partSelect>
                        <ipxact:range>
                            <ipxact:left>9</ipxact:left>
                            <ipxact:right>9</ipxact:right>
                        </ipxact:range>
                    </ipxact:partSelect>
                </ipxact:internalPortReference>
            </ipxact:portReferences>
        </ipxact:adHocConnection>
        <ipxact:adHocConnection>
            <ipxact:name>cpu0.IRQ.8:8</ipxact:name>
            <ipxact:tiedValue>open</ipxact:tiedValue>
            <ipxact:portReferences>
                <ipxact:internalPortReference componentRef="cpu0" portRef="IRQ">
                    <ipxact:partSelect>
                        <ipxact:range>
                            <ipxact:left>8</ipxact:left>
                            <ipxact:right>8</ipxact:right>
                        </ipxact:range>
                    </ipxact:partSelect>
                </ipxact:internalPortReference>
            </ipxact:portReferences>
        </ipxact:adHocConnection>
        <ipxact:adHocConnection>
            <ipxact:name>cpu0.IRQ.7:7</ipxact:name>
            <ipxact:tiedValue>open</ipxact:tiedValue>
            <ipxact:portReferences>
                <ipxact:internalPortReference componentRef="cpu0" portRef="IRQ">
                    <ipxact:partSelect>
                        <ipxact:range>
                            <ipxact:left>7</ipxact:left>
                            <ipxact:right>7</ipxact:right>
                        </ipxact:range>
                    </ipxact:partSelect>
                </ipxact:internalPortReference>
            </ipxact:portReferences>
        </ipxact:adHocConnection>
        <ipxact:adHocConnection>
            <ipxact:name>cpu0.IRQ.6:6</ipxact:name>
            <ipxact:tiedValue>open</ipxact:tiedValue>
            <ipxact:portReferences>
                <ipxact:internalPortReference componentRef="cpu0" portRef="IRQ">
                    <ipxact:partSelect>
                        <ipxact:range>
                            <ipxact:left>6</ipxact:left>
                            <ipxact:right>6</ipxact:right>
                        </ipxact:range>
                    </ipxact:partSelect>
                </ipxact:internalPortReference>
            </ipxact:portReferences>
        </ipxact:adHocConnection>
        <ipxact:adHocConnection>
            <ipxact:name>cpu0.IRQ.5:5</ipxact:name>
            <ipxact:tiedValue>open</ipxact:tiedValue>
            <ipxact:portReferences>
                <ipxact:internalPortReference componentRef="cpu0" portRef="IRQ">
                    <ipxact:partSelect>
                        <ipxact:range>
                            <ipxact:left>5</ipxact:left>
                            <ipxact:right>5</ipxact:right>
                        </ipxact:range>
                    </ipxact:partSelect>
                </ipxact:internalPortReference>
            </ipxact:portReferences>
        </ipxact:adHocConnection>
        <ipxact:adHocConnection>
            <ipxact:name>cpu0.IRQ.4:4</ipxact:name>
            <ipxact:tiedValue>open</ipxact:tiedValue>
            <ipxact:portReferences>
                <ipxact:internalPortReference componentRef="cpu0" portRef="IRQ">
                    <ipxact:partSelect>
                        <ipxact:range>
                            <ipxact:left>4</ipxact:left>
                            <ipxact:right>4</ipxact:right>
                        </ipxact:range>
                    </ipxact:partSelect>
                </ipxact:internalPortReference>
            </ipxact:portReferences>
        </ipxact:adHocConnection>
        <ipxact:adHocConnection>
            <ipxact:name>cpu0.IRQ.3:3</ipxact:name>
            <ipxact:tiedValue>open</ipxact:tiedValue>
            <ipxact:portReferences>
                <ipxact:internalPortReference componentRef="cpu0" portRef="IRQ">
                    <ipxact:partSelect>
                        <ipxact:range>
                            <ipxact:left>3</ipxact:left>
                            <ipxact:right>3</ipxact:right>
                        </ipxact:range>
                    </ipxact:partSelect>
                </ipxact:internalPortReference>
            </ipxact:portReferences>
        </ipxact:adHocConnection>
        <ipxact:adHocConnection>
            <ipxact:name>cpu0.IRQ.2:2</ipxact:name>
            <ipxact:tiedValue>open</ipxact:tiedValue>
            <ipxact:portReferences>
                <ipxact:internalPortReference componentRef="cpu0" portRef="IRQ">
                    <ipxact:partSelect>
                        <ipxact:range>
                            <ipxact:left>2</ipxact:left>
                            <ipxact:right>2</ipxact:right>
                        </ipxact:range>
                    </ipxact:partSelect>
                </ipxact:internalPortReference>
            </ipxact:portReferences>
        </ipxact:adHocConnection>
        <ipxact:adHocConnection>
            <ipxact:name>cpu0.IRQ.1:1</ipxact:name>
            <ipxact:portReferences>
                <ipxact:internalPortReference componentRef="cpu0" portRef="IRQ">
                    <ipxact:partSelect>
                        <ipxact:range>
                            <ipxact:left>1</ipxact:left>
                            <ipxact:right>1</ipxact:right>
                        </ipxact:range>
                    </ipxact:partSelect>
                </ipxact:internalPortReference>
                <ipxact:externalPortReference portRef="irq1_i">
                    <ipxact:partSelect>
                        <ipxact:range>
                            <ipxact:left>0</ipxact:left>
                            <ipxact:right>0</ipxact:right>
                        </ipxact:range>
                    </ipxact:partSelect>
                </ipxact:externalPortReference>
            </ipxact:portReferences>
        </ipxact:adHocConnection>
        <ipxact:adHocConnection>
            <ipxact:name>cpu0.IRQ.0:0</ipxact:name>
            <ipxact:portReferences>
                <ipxact:internalPortReference componentRef="cpu0" portRef="IRQ">
                    <ipxact:partSelect>
                        <ipxact:range>
                            <ipxact:left>0</ipxact:left>
                            <ipxact:right>0</ipxact:right>
                        </ipxact:range>
                    </ipxact:partSelect>
                </ipxact:internalPortReference>
                <ipxact:externalPortReference portRef="irq0_i">
                    <ipxact:partSelect>
                        <ipxact:range>
                            <ipxact:left>0</ipxact:left>
                            <ipxact:right>0</ipxact:right>
                        </ipxact:range>
                    </ipxact:partSelect>
                </ipxact:externalPortReference>
            </ipxact:portReferences>
        </ipxact:adHocConnection>
        <ipxact:adHocConnection>
            <ipxact:name>cpu0.EXT_IRQ</ipxact:name>
            <ipxact:tiedValue>open</ipxact:tiedValue>
            <ipxact:portReferences>
                <ipxact:internalPortReference componentRef="cpu0" portRef="EXT_IRQ"/>
            </ipxact:portReferences>
        </ipxact:adHocConnection>
        <ipxact:adHocConnection>
            <ipxact:name>cpu0.TIMER_IRQ_IN</ipxact:name>
            <ipxact:tiedValue>1'b0</ipxact:tiedValue>
            <ipxact:portReferences>
                <ipxact:internalPortReference componentRef="cpu0" portRef="TIMER_IRQ_IN"/>
            </ipxact:portReferences>
        </ipxact:adHocConnection>
        <ipxact:adHocConnection>
            <ipxact:name>cpu0.TIMER_IRQ_OUT</ipxact:name>
            <ipxact:portReferences>
                <ipxact:internalPortReference componentRef="cpu0" portRef="TIMER_IRQ_OUT"/>
                <ipxact:externalPortReference portRef="timer_irq_o"/>
            </ipxact:portReferences>
        </ipxact:adHocConnection>
        <ipxact:adHocConnection>
            <ipxact:name>cpu0.INSR_HADDR</ipxact:name>
            <ipxact:portReferences>
                <ipxact:internalPortReference componentRef="cpu0" portRef="INSR_HADDR"/>
                <ipxact:externalPortReference portRef="ahbl_m_instr_haddr_o">
                    <ipxact:partSelect>
                        <ipxact:range>
                            <ipxact:left>31</ipxact:left>
                            <ipxact:right>0</ipxact:right>
                        </ipxact:range>
                    </ipxact:partSelect>
                </ipxact:externalPortReference>
            </ipxact:portReferences>
        </ipxact:adHocConnection>
        <ipxact:adHocConnection>
            <ipxact:name>cpu0.INSR_HWRITE</ipxact:name>
            <ipxact:portReferences>
                <ipxact:internalPortReference componentRef="cpu0" portRef="INSR_HWRITE"/>
                <ipxact:externalPortReference portRef="ahbl_m_instr_hwrite_o"/>
            </ipxact:portReferences>
        </ipxact:adHocConnection>
        <ipxact:adHocConnection>
            <ipxact:name>cpu0.INSR_HSIZE</ipxact:name>
            <ipxact:portReferences>
                <ipxact:internalPortReference componentRef="cpu0" portRef="INSR_HSIZE"/>
                <ipxact:externalPortReference portRef="ahbl_m_instr_hsize_o">
                    <ipxact:partSelect>
                        <ipxact:range>
                            <ipxact:left>2</ipxact:left>
                            <ipxact:right>0</ipxact:right>
                        </ipxact:range>
                    </ipxact:partSelect>
                </ipxact:externalPortReference>
            </ipxact:portReferences>
        </ipxact:adHocConnection>
        <ipxact:adHocConnection>
            <ipxact:name>cpu0.INSR_HBURST</ipxact:name>
            <ipxact:portReferences>
                <ipxact:internalPortReference componentRef="cpu0" portRef="INSR_HBURST"/>
                <ipxact:externalPortReference portRef="ahbl_m_instr_hburst_o">
                    <ipxact:partSelect>
                        <ipxact:range>
                            <ipxact:left>2</ipxact:left>
                            <ipxact:right>0</ipxact:right>
                        </ipxact:range>
                    </ipxact:partSelect>
                </ipxact:externalPortReference>
            </ipxact:portReferences>
        </ipxact:adHocConnection>
        <ipxact:adHocConnection>
            <ipxact:name>cpu0.INSR_HPROT</ipxact:name>
            <ipxact:portReferences>
                <ipxact:internalPortReference componentRef="cpu0" portRef="INSR_HPROT"/>
                <ipxact:externalPortReference portRef="ahbl_m_instr_hprot_o">
                    <ipxact:partSelect>
                        <ipxact:range>
                            <ipxact:left>3</ipxact:left>
                            <ipxact:right>0</ipxact:right>
                        </ipxact:range>
                    </ipxact:partSelect>
                </ipxact:externalPortReference>
            </ipxact:portReferences>
        </ipxact:adHocConnection>
        <ipxact:adHocConnection>
            <ipxact:name>cpu0.INSR_HTRANS</ipxact:name>
            <ipxact:portReferences>
                <ipxact:internalPortReference componentRef="cpu0" portRef="INSR_HTRANS"/>
                <ipxact:externalPortReference portRef="ahbl_m_instr_htrans_o">
                    <ipxact:partSelect>
                        <ipxact:range>
                            <ipxact:left>1</ipxact:left>
                            <ipxact:right>0</ipxact:right>
                        </ipxact:range>
                    </ipxact:partSelect>
                </ipxact:externalPortReference>
            </ipxact:portReferences>
        </ipxact:adHocConnection>
        <ipxact:adHocConnection>
            <ipxact:name>cpu0.INSR_HMASTLOCK</ipxact:name>
            <ipxact:portReferences>
                <ipxact:internalPortReference componentRef="cpu0" portRef="INSR_HMASTLOCK"/>
                <ipxact:externalPortReference portRef="ahbl_m_instr_hmastlock_o"/>
            </ipxact:portReferences>
        </ipxact:adHocConnection>
        <ipxact:adHocConnection>
            <ipxact:name>cpu0.INSR_HWDATA</ipxact:name>
            <ipxact:portReferences>
                <ipxact:internalPortReference componentRef="cpu0" portRef="INSR_HWDATA"/>
                <ipxact:externalPortReference portRef="ahbl_m_instr_hwdata_o">
                    <ipxact:partSelect>
                        <ipxact:range>
                            <ipxact:left>31</ipxact:left>
                            <ipxact:right>0</ipxact:right>
                        </ipxact:range>
                    </ipxact:partSelect>
                </ipxact:externalPortReference>
            </ipxact:portReferences>
        </ipxact:adHocConnection>
        <ipxact:adHocConnection>
            <ipxact:name>cpu0.INSR_HRDATA</ipxact:name>
            <ipxact:portReferences>
                <ipxact:internalPortReference componentRef="cpu0" portRef="INSR_HRDATA"/>
                <ipxact:externalPortReference portRef="ahbl_m_instr_hrdata_i">
                    <ipxact:partSelect>
                        <ipxact:range>
                            <ipxact:left>31</ipxact:left>
                            <ipxact:right>0</ipxact:right>
                        </ipxact:range>
                    </ipxact:partSelect>
                </ipxact:externalPortReference>
            </ipxact:portReferences>
        </ipxact:adHocConnection>
        <ipxact:adHocConnection>
            <ipxact:name>cpu0.INSR_HREADYOUT</ipxact:name>
            <ipxact:portReferences>
                <ipxact:internalPortReference componentRef="cpu0" portRef="INSR_HREADYOUT"/>
                <ipxact:externalPortReference portRef="ahbl_m_instr_hready_i"/>
            </ipxact:portReferences>
        </ipxact:adHocConnection>
        <ipxact:adHocConnection>
            <ipxact:name>cpu0.INSR_HRESP</ipxact:name>
            <ipxact:portReferences>
                <ipxact:internalPortReference componentRef="cpu0" portRef="INSR_HRESP"/>
                <ipxact:externalPortReference portRef="ahbl_m_instr_hresp_i"/>
            </ipxact:portReferences>
        </ipxact:adHocConnection>
        <ipxact:adHocConnection>
            <ipxact:name>cpu0.DATA_HADDR</ipxact:name>
            <ipxact:portReferences>
                <ipxact:internalPortReference componentRef="cpu0" portRef="DATA_HADDR"/>
                <ipxact:externalPortReference portRef="ahbl_m_data_haddr_o">
                    <ipxact:partSelect>
                        <ipxact:range>
                            <ipxact:left>31</ipxact:left>
                            <ipxact:right>0</ipxact:right>
                        </ipxact:range>
                    </ipxact:partSelect>
                </ipxact:externalPortReference>
            </ipxact:portReferences>
        </ipxact:adHocConnection>
        <ipxact:adHocConnection>
            <ipxact:name>cpu0.DATA_HWRITE</ipxact:name>
            <ipxact:portReferences>
                <ipxact:internalPortReference componentRef="cpu0" portRef="DATA_HWRITE"/>
                <ipxact:externalPortReference portRef="ahbl_m_data_hwrite_o"/>
            </ipxact:portReferences>
        </ipxact:adHocConnection>
        <ipxact:adHocConnection>
            <ipxact:name>cpu0.DATA_HSIZE</ipxact:name>
            <ipxact:portReferences>
                <ipxact:internalPortReference componentRef="cpu0" portRef="DATA_HSIZE"/>
                <ipxact:externalPortReference portRef="ahbl_m_data_hsize_o">
                    <ipxact:partSelect>
                        <ipxact:range>
                            <ipxact:left>2</ipxact:left>
                            <ipxact:right>0</ipxact:right>
                        </ipxact:range>
                    </ipxact:partSelect>
                </ipxact:externalPortReference>
            </ipxact:portReferences>
        </ipxact:adHocConnection>
        <ipxact:adHocConnection>
            <ipxact:name>cpu0.DATA_HBURST</ipxact:name>
            <ipxact:portReferences>
                <ipxact:internalPortReference componentRef="cpu0" portRef="DATA_HBURST"/>
                <ipxact:externalPortReference portRef="ahbl_m_data_hburst_o">
                    <ipxact:partSelect>
                        <ipxact:range>
                            <ipxact:left>2</ipxact:left>
                            <ipxact:right>0</ipxact:right>
                        </ipxact:range>
                    </ipxact:partSelect>
                </ipxact:externalPortReference>
            </ipxact:portReferences>
        </ipxact:adHocConnection>
        <ipxact:adHocConnection>
            <ipxact:name>cpu0.DATA_HPROT</ipxact:name>
            <ipxact:portReferences>
                <ipxact:internalPortReference componentRef="cpu0" portRef="DATA_HPROT"/>
                <ipxact:externalPortReference portRef="ahbl_m_data_hprot_o">
                    <ipxact:partSelect>
                        <ipxact:range>
                            <ipxact:left>3</ipxact:left>
                            <ipxact:right>0</ipxact:right>
                        </ipxact:range>
                    </ipxact:partSelect>
                </ipxact:externalPortReference>
            </ipxact:portReferences>
        </ipxact:adHocConnection>
        <ipxact:adHocConnection>
            <ipxact:name>cpu0.DATA_HTRANS</ipxact:name>
            <ipxact:portReferences>
                <ipxact:internalPortReference componentRef="cpu0" portRef="DATA_HTRANS"/>
                <ipxact:externalPortReference portRef="ahbl_m_data_htrans_o">
                    <ipxact:partSelect>
                        <ipxact:range>
                            <ipxact:left>1</ipxact:left>
                            <ipxact:right>0</ipxact:right>
                        </ipxact:range>
                    </ipxact:partSelect>
                </ipxact:externalPortReference>
            </ipxact:portReferences>
        </ipxact:adHocConnection>
        <ipxact:adHocConnection>
            <ipxact:name>cpu0.DATA_HMASTLOCK</ipxact:name>
            <ipxact:portReferences>
                <ipxact:internalPortReference componentRef="cpu0" portRef="DATA_HMASTLOCK"/>
                <ipxact:externalPortReference portRef="ahbl_m_data_hmastlock_o"/>
            </ipxact:portReferences>
        </ipxact:adHocConnection>
        <ipxact:adHocConnection>
            <ipxact:name>cpu0.DATA_HWDATA</ipxact:name>
            <ipxact:portReferences>
                <ipxact:internalPortReference componentRef="cpu0" portRef="DATA_HWDATA"/>
                <ipxact:externalPortReference portRef="ahbl_m_data_hwdata_o">
                    <ipxact:partSelect>
                        <ipxact:range>
                            <ipxact:left>31</ipxact:left>
                            <ipxact:right>0</ipxact:right>
                        </ipxact:range>
                    </ipxact:partSelect>
                </ipxact:externalPortReference>
            </ipxact:portReferences>
        </ipxact:adHocConnection>
        <ipxact:adHocConnection>
            <ipxact:name>cpu0.DATA_HRDATA</ipxact:name>
            <ipxact:portReferences>
                <ipxact:internalPortReference componentRef="cpu0" portRef="DATA_HRDATA"/>
                <ipxact:externalPortReference portRef="ahbl_m_data_hrdata_i">
                    <ipxact:partSelect>
                        <ipxact:range>
                            <ipxact:left>31</ipxact:left>
                            <ipxact:right>0</ipxact:right>
                        </ipxact:range>
                    </ipxact:partSelect>
                </ipxact:externalPortReference>
            </ipxact:portReferences>
        </ipxact:adHocConnection>
        <ipxact:adHocConnection>
            <ipxact:name>cpu0.DATA_HREADYOUT</ipxact:name>
            <ipxact:portReferences>
                <ipxact:internalPortReference componentRef="cpu0" portRef="DATA_HREADYOUT"/>
                <ipxact:externalPortReference portRef="ahbl_m_data_hready_i"/>
            </ipxact:portReferences>
        </ipxact:adHocConnection>
        <ipxact:adHocConnection>
            <ipxact:name>cpu0.DATA_HRESP</ipxact:name>
            <ipxact:portReferences>
                <ipxact:internalPortReference componentRef="cpu0" portRef="DATA_HRESP"/>
                <ipxact:externalPortReference portRef="ahbl_m_data_hresp_i"/>
            </ipxact:portReferences>
        </ipxact:adHocConnection>
        <ipxact:adHocConnection>
            <ipxact:name>cpu0.TDI</ipxact:name>
            <ipxact:tiedValue>open</ipxact:tiedValue>
            <ipxact:portReferences>
                <ipxact:internalPortReference componentRef="cpu0" portRef="TDI"/>
            </ipxact:portReferences>
        </ipxact:adHocConnection>
        <ipxact:adHocConnection>
            <ipxact:name>cpu0.TDO</ipxact:name>
            <ipxact:tiedValue>open</ipxact:tiedValue>
            <ipxact:portReferences>
                <ipxact:internalPortReference componentRef="cpu0" portRef="TDO"/>
            </ipxact:portReferences>
        </ipxact:adHocConnection>
        <ipxact:adHocConnection>
            <ipxact:name>cpu0.TCK</ipxact:name>
            <ipxact:tiedValue>open</ipxact:tiedValue>
            <ipxact:portReferences>
                <ipxact:internalPortReference componentRef="cpu0" portRef="TCK"/>
            </ipxact:portReferences>
        </ipxact:adHocConnection>
        <ipxact:adHocConnection>
            <ipxact:name>cpu0.TMS</ipxact:name>
            <ipxact:tiedValue>open</ipxact:tiedValue>
            <ipxact:portReferences>
                <ipxact:internalPortReference componentRef="cpu0" portRef="TMS"/>
            </ipxact:portReferences>
        </ipxact:adHocConnection>
        <ipxact:adHocConnection>
            <ipxact:name>cpu0.req_valid.7:7</ipxact:name>
            <ipxact:tiedValue>open</ipxact:tiedValue>
            <ipxact:portReferences>
                <ipxact:internalPortReference componentRef="cpu0" portRef="req_valid">
                    <ipxact:partSelect>
                        <ipxact:range>
                            <ipxact:left>7</ipxact:left>
                            <ipxact:right>7</ipxact:right>
                        </ipxact:range>
                    </ipxact:partSelect>
                </ipxact:internalPortReference>
            </ipxact:portReferences>
        </ipxact:adHocConnection>
        <ipxact:adHocConnection>
            <ipxact:name>cpu0.req_ready.7:7</ipxact:name>
            <ipxact:tiedValue>open</ipxact:tiedValue>
            <ipxact:portReferences>
                <ipxact:internalPortReference componentRef="cpu0" portRef="req_ready">
                    <ipxact:partSelect>
                        <ipxact:range>
                            <ipxact:left>7</ipxact:left>
                            <ipxact:right>7</ipxact:right>
                        </ipxact:range>
                    </ipxact:partSelect>
                </ipxact:internalPortReference>
            </ipxact:portReferences>
        </ipxact:adHocConnection>
        <ipxact:adHocConnection>
            <ipxact:name>cpu0.req_cfu_7</ipxact:name>
            <ipxact:tiedValue>open</ipxact:tiedValue>
            <ipxact:portReferences>
                <ipxact:internalPortReference componentRef="cpu0" portRef="req_cfu_7"/>
            </ipxact:portReferences>
        </ipxact:adHocConnection>
        <ipxact:adHocConnection>
            <ipxact:name>cpu0.req_state_7</ipxact:name>
            <ipxact:tiedValue>open</ipxact:tiedValue>
            <ipxact:portReferences>
                <ipxact:internalPortReference componentRef="cpu0" portRef="req_state_7"/>
            </ipxact:portReferences>
        </ipxact:adHocConnection>
        <ipxact:adHocConnection>
            <ipxact:name>cpu0.req_func_7</ipxact:name>
            <ipxact:tiedValue>open</ipxact:tiedValue>
            <ipxact:portReferences>
                <ipxact:internalPortReference componentRef="cpu0" portRef="req_func_7"/>
            </ipxact:portReferences>
        </ipxact:adHocConnection>
        <ipxact:adHocConnection>
            <ipxact:name>cpu0.req_insn_7</ipxact:name>
            <ipxact:tiedValue>open</ipxact:tiedValue>
            <ipxact:portReferences>
                <ipxact:internalPortReference componentRef="cpu0" portRef="req_insn_7"/>
            </ipxact:portReferences>
        </ipxact:adHocConnection>
        <ipxact:adHocConnection>
            <ipxact:name>cpu0.req_data0_7</ipxact:name>
            <ipxact:tiedValue>open</ipxact:tiedValue>
            <ipxact:portReferences>
                <ipxact:internalPortReference componentRef="cpu0" portRef="req_data0_7"/>
            </ipxact:portReferences>
        </ipxact:adHocConnection>
        <ipxact:adHocConnection>
            <ipxact:name>cpu0.req_data1_7</ipxact:name>
            <ipxact:tiedValue>open</ipxact:tiedValue>
            <ipxact:portReferences>
                <ipxact:internalPortReference componentRef="cpu0" portRef="req_data1_7"/>
            </ipxact:portReferences>
        </ipxact:adHocConnection>
        <ipxact:adHocConnection>
            <ipxact:name>cpu0.resp_valid.7:7</ipxact:name>
            <ipxact:tiedValue>open</ipxact:tiedValue>
            <ipxact:portReferences>
                <ipxact:internalPortReference componentRef="cpu0" portRef="resp_valid">
                    <ipxact:partSelect>
                        <ipxact:range>
                            <ipxact:left>7</ipxact:left>
                            <ipxact:right>7</ipxact:right>
                        </ipxact:range>
                    </ipxact:partSelect>
                </ipxact:internalPortReference>
            </ipxact:portReferences>
        </ipxact:adHocConnection>
        <ipxact:adHocConnection>
            <ipxact:name>cpu0.resp_ready.7:7</ipxact:name>
            <ipxact:tiedValue>open</ipxact:tiedValue>
            <ipxact:portReferences>
                <ipxact:internalPortReference componentRef="cpu0" portRef="resp_ready">
                    <ipxact:partSelect>
                        <ipxact:range>
                            <ipxact:left>7</ipxact:left>
                            <ipxact:right>7</ipxact:right>
                        </ipxact:range>
                    </ipxact:partSelect>
                </ipxact:internalPortReference>
            </ipxact:portReferences>
        </ipxact:adHocConnection>
        <ipxact:adHocConnection>
            <ipxact:name>cpu0.resp_data_7</ipxact:name>
            <ipxact:tiedValue>open</ipxact:tiedValue>
            <ipxact:portReferences>
                <ipxact:internalPortReference componentRef="cpu0" portRef="resp_data_7"/>
            </ipxact:portReferences>
        </ipxact:adHocConnection>
        <ipxact:adHocConnection>
            <ipxact:name>cpu0.resp_status_7</ipxact:name>
            <ipxact:tiedValue>open</ipxact:tiedValue>
            <ipxact:portReferences>
                <ipxact:internalPortReference componentRef="cpu0" portRef="resp_status_7"/>
            </ipxact:portReferences>
        </ipxact:adHocConnection>
        <ipxact:adHocConnection>
            <ipxact:name>cpu0.req_valid.6:6</ipxact:name>
            <ipxact:tiedValue>open</ipxact:tiedValue>
            <ipxact:portReferences>
                <ipxact:internalPortReference componentRef="cpu0" portRef="req_valid">
                    <ipxact:partSelect>
                        <ipxact:range>
                            <ipxact:left>6</ipxact:left>
                            <ipxact:right>6</ipxact:right>
                        </ipxact:range>
                    </ipxact:partSelect>
                </ipxact:internalPortReference>
            </ipxact:portReferences>
        </ipxact:adHocConnection>
        <ipxact:adHocConnection>
            <ipxact:name>cpu0.req_ready.6:6</ipxact:name>
            <ipxact:tiedValue>open</ipxact:tiedValue>
            <ipxact:portReferences>
                <ipxact:internalPortReference componentRef="cpu0" portRef="req_ready">
                    <ipxact:partSelect>
                        <ipxact:range>
                            <ipxact:left>6</ipxact:left>
                            <ipxact:right>6</ipxact:right>
                        </ipxact:range>
                    </ipxact:partSelect>
                </ipxact:internalPortReference>
            </ipxact:portReferences>
        </ipxact:adHocConnection>
        <ipxact:adHocConnection>
            <ipxact:name>cpu0.req_cfu_6</ipxact:name>
            <ipxact:tiedValue>open</ipxact:tiedValue>
            <ipxact:portReferences>
                <ipxact:internalPortReference componentRef="cpu0" portRef="req_cfu_6"/>
            </ipxact:portReferences>
        </ipxact:adHocConnection>
        <ipxact:adHocConnection>
            <ipxact:name>cpu0.req_state_6</ipxact:name>
            <ipxact:tiedValue>open</ipxact:tiedValue>
            <ipxact:portReferences>
                <ipxact:internalPortReference componentRef="cpu0" portRef="req_state_6"/>
            </ipxact:portReferences>
        </ipxact:adHocConnection>
        <ipxact:adHocConnection>
            <ipxact:name>cpu0.req_func_6</ipxact:name>
            <ipxact:tiedValue>open</ipxact:tiedValue>
            <ipxact:portReferences>
                <ipxact:internalPortReference componentRef="cpu0" portRef="req_func_6"/>
            </ipxact:portReferences>
        </ipxact:adHocConnection>
        <ipxact:adHocConnection>
            <ipxact:name>cpu0.req_insn_6</ipxact:name>
            <ipxact:tiedValue>open</ipxact:tiedValue>
            <ipxact:portReferences>
                <ipxact:internalPortReference componentRef="cpu0" portRef="req_insn_6"/>
            </ipxact:portReferences>
        </ipxact:adHocConnection>
        <ipxact:adHocConnection>
            <ipxact:name>cpu0.req_data0_6</ipxact:name>
            <ipxact:tiedValue>open</ipxact:tiedValue>
            <ipxact:portReferences>
                <ipxact:internalPortReference componentRef="cpu0" portRef="req_data0_6"/>
            </ipxact:portReferences>
        </ipxact:adHocConnection>
        <ipxact:adHocConnection>
            <ipxact:name>cpu0.req_data1_6</ipxact:name>
            <ipxact:tiedValue>open</ipxact:tiedValue>
            <ipxact:portReferences>
                <ipxact:internalPortReference componentRef="cpu0" portRef="req_data1_6"/>
            </ipxact:portReferences>
        </ipxact:adHocConnection>
        <ipxact:adHocConnection>
            <ipxact:name>cpu0.resp_valid.6:6</ipxact:name>
            <ipxact:tiedValue>open</ipxact:tiedValue>
            <ipxact:portReferences>
                <ipxact:internalPortReference componentRef="cpu0" portRef="resp_valid">
                    <ipxact:partSelect>
                        <ipxact:range>
                            <ipxact:left>6</ipxact:left>
                            <ipxact:right>6</ipxact:right>
                        </ipxact:range>
                    </ipxact:partSelect>
                </ipxact:internalPortReference>
            </ipxact:portReferences>
        </ipxact:adHocConnection>
        <ipxact:adHocConnection>
            <ipxact:name>cpu0.resp_ready.6:6</ipxact:name>
            <ipxact:tiedValue>open</ipxact:tiedValue>
            <ipxact:portReferences>
                <ipxact:internalPortReference componentRef="cpu0" portRef="resp_ready">
                    <ipxact:partSelect>
                        <ipxact:range>
                            <ipxact:left>6</ipxact:left>
                            <ipxact:right>6</ipxact:right>
                        </ipxact:range>
                    </ipxact:partSelect>
                </ipxact:internalPortReference>
            </ipxact:portReferences>
        </ipxact:adHocConnection>
        <ipxact:adHocConnection>
            <ipxact:name>cpu0.resp_data_6</ipxact:name>
            <ipxact:tiedValue>open</ipxact:tiedValue>
            <ipxact:portReferences>
                <ipxact:internalPortReference componentRef="cpu0" portRef="resp_data_6"/>
            </ipxact:portReferences>
        </ipxact:adHocConnection>
        <ipxact:adHocConnection>
            <ipxact:name>cpu0.resp_status_6</ipxact:name>
            <ipxact:tiedValue>open</ipxact:tiedValue>
            <ipxact:portReferences>
                <ipxact:internalPortReference componentRef="cpu0" portRef="resp_status_6"/>
            </ipxact:portReferences>
        </ipxact:adHocConnection>
        <ipxact:adHocConnection>
            <ipxact:name>cpu0.req_valid.5:5</ipxact:name>
            <ipxact:tiedValue>open</ipxact:tiedValue>
            <ipxact:portReferences>
                <ipxact:internalPortReference componentRef="cpu0" portRef="req_valid">
                    <ipxact:partSelect>
                        <ipxact:range>
                            <ipxact:left>5</ipxact:left>
                            <ipxact:right>5</ipxact:right>
                        </ipxact:range>
                    </ipxact:partSelect>
                </ipxact:internalPortReference>
            </ipxact:portReferences>
        </ipxact:adHocConnection>
        <ipxact:adHocConnection>
            <ipxact:name>cpu0.req_ready.5:5</ipxact:name>
            <ipxact:tiedValue>open</ipxact:tiedValue>
            <ipxact:portReferences>
                <ipxact:internalPortReference componentRef="cpu0" portRef="req_ready">
                    <ipxact:partSelect>
                        <ipxact:range>
                            <ipxact:left>5</ipxact:left>
                            <ipxact:right>5</ipxact:right>
                        </ipxact:range>
                    </ipxact:partSelect>
                </ipxact:internalPortReference>
            </ipxact:portReferences>
        </ipxact:adHocConnection>
        <ipxact:adHocConnection>
            <ipxact:name>cpu0.req_cfu_5</ipxact:name>
            <ipxact:tiedValue>open</ipxact:tiedValue>
            <ipxact:portReferences>
                <ipxact:internalPortReference componentRef="cpu0" portRef="req_cfu_5"/>
            </ipxact:portReferences>
        </ipxact:adHocConnection>
        <ipxact:adHocConnection>
            <ipxact:name>cpu0.req_state_5</ipxact:name>
            <ipxact:tiedValue>open</ipxact:tiedValue>
            <ipxact:portReferences>
                <ipxact:internalPortReference componentRef="cpu0" portRef="req_state_5"/>
            </ipxact:portReferences>
        </ipxact:adHocConnection>
        <ipxact:adHocConnection>
            <ipxact:name>cpu0.req_func_5</ipxact:name>
            <ipxact:tiedValue>open</ipxact:tiedValue>
            <ipxact:portReferences>
                <ipxact:internalPortReference componentRef="cpu0" portRef="req_func_5"/>
            </ipxact:portReferences>
        </ipxact:adHocConnection>
        <ipxact:adHocConnection>
            <ipxact:name>cpu0.req_insn_5</ipxact:name>
            <ipxact:tiedValue>open</ipxact:tiedValue>
            <ipxact:portReferences>
                <ipxact:internalPortReference componentRef="cpu0" portRef="req_insn_5"/>
            </ipxact:portReferences>
        </ipxact:adHocConnection>
        <ipxact:adHocConnection>
            <ipxact:name>cpu0.req_data0_5</ipxact:name>
            <ipxact:tiedValue>open</ipxact:tiedValue>
            <ipxact:portReferences>
                <ipxact:internalPortReference componentRef="cpu0" portRef="req_data0_5"/>
            </ipxact:portReferences>
        </ipxact:adHocConnection>
        <ipxact:adHocConnection>
            <ipxact:name>cpu0.req_data1_5</ipxact:name>
            <ipxact:tiedValue>open</ipxact:tiedValue>
            <ipxact:portReferences>
                <ipxact:internalPortReference componentRef="cpu0" portRef="req_data1_5"/>
            </ipxact:portReferences>
        </ipxact:adHocConnection>
        <ipxact:adHocConnection>
            <ipxact:name>cpu0.resp_valid.5:5</ipxact:name>
            <ipxact:tiedValue>open</ipxact:tiedValue>
            <ipxact:portReferences>
                <ipxact:internalPortReference componentRef="cpu0" portRef="resp_valid">
                    <ipxact:partSelect>
                        <ipxact:range>
                            <ipxact:left>5</ipxact:left>
                            <ipxact:right>5</ipxact:right>
                        </ipxact:range>
                    </ipxact:partSelect>
                </ipxact:internalPortReference>
            </ipxact:portReferences>
        </ipxact:adHocConnection>
        <ipxact:adHocConnection>
            <ipxact:name>cpu0.resp_ready.5:5</ipxact:name>
            <ipxact:tiedValue>open</ipxact:tiedValue>
            <ipxact:portReferences>
                <ipxact:internalPortReference componentRef="cpu0" portRef="resp_ready">
                    <ipxact:partSelect>
                        <ipxact:range>
                            <ipxact:left>5</ipxact:left>
                            <ipxact:right>5</ipxact:right>
                        </ipxact:range>
                    </ipxact:partSelect>
                </ipxact:internalPortReference>
            </ipxact:portReferences>
        </ipxact:adHocConnection>
        <ipxact:adHocConnection>
            <ipxact:name>cpu0.resp_data_5</ipxact:name>
            <ipxact:tiedValue>open</ipxact:tiedValue>
            <ipxact:portReferences>
                <ipxact:internalPortReference componentRef="cpu0" portRef="resp_data_5"/>
            </ipxact:portReferences>
        </ipxact:adHocConnection>
        <ipxact:adHocConnection>
            <ipxact:name>cpu0.resp_status_5</ipxact:name>
            <ipxact:tiedValue>open</ipxact:tiedValue>
            <ipxact:portReferences>
                <ipxact:internalPortReference componentRef="cpu0" portRef="resp_status_5"/>
            </ipxact:portReferences>
        </ipxact:adHocConnection>
        <ipxact:adHocConnection>
            <ipxact:name>cpu0.req_valid.4:4</ipxact:name>
            <ipxact:tiedValue>open</ipxact:tiedValue>
            <ipxact:portReferences>
                <ipxact:internalPortReference componentRef="cpu0" portRef="req_valid">
                    <ipxact:partSelect>
                        <ipxact:range>
                            <ipxact:left>4</ipxact:left>
                            <ipxact:right>4</ipxact:right>
                        </ipxact:range>
                    </ipxact:partSelect>
                </ipxact:internalPortReference>
            </ipxact:portReferences>
        </ipxact:adHocConnection>
        <ipxact:adHocConnection>
            <ipxact:name>cpu0.req_ready.4:4</ipxact:name>
            <ipxact:tiedValue>open</ipxact:tiedValue>
            <ipxact:portReferences>
                <ipxact:internalPortReference componentRef="cpu0" portRef="req_ready">
                    <ipxact:partSelect>
                        <ipxact:range>
                            <ipxact:left>4</ipxact:left>
                            <ipxact:right>4</ipxact:right>
                        </ipxact:range>
                    </ipxact:partSelect>
                </ipxact:internalPortReference>
            </ipxact:portReferences>
        </ipxact:adHocConnection>
        <ipxact:adHocConnection>
            <ipxact:name>cpu0.req_cfu_4</ipxact:name>
            <ipxact:tiedValue>open</ipxact:tiedValue>
            <ipxact:portReferences>
                <ipxact:internalPortReference componentRef="cpu0" portRef="req_cfu_4"/>
            </ipxact:portReferences>
        </ipxact:adHocConnection>
        <ipxact:adHocConnection>
            <ipxact:name>cpu0.req_state_4</ipxact:name>
            <ipxact:tiedValue>open</ipxact:tiedValue>
            <ipxact:portReferences>
                <ipxact:internalPortReference componentRef="cpu0" portRef="req_state_4"/>
            </ipxact:portReferences>
        </ipxact:adHocConnection>
        <ipxact:adHocConnection>
            <ipxact:name>cpu0.req_func_4</ipxact:name>
            <ipxact:tiedValue>open</ipxact:tiedValue>
            <ipxact:portReferences>
                <ipxact:internalPortReference componentRef="cpu0" portRef="req_func_4"/>
            </ipxact:portReferences>
        </ipxact:adHocConnection>
        <ipxact:adHocConnection>
            <ipxact:name>cpu0.req_insn_4</ipxact:name>
            <ipxact:tiedValue>open</ipxact:tiedValue>
            <ipxact:portReferences>
                <ipxact:internalPortReference componentRef="cpu0" portRef="req_insn_4"/>
            </ipxact:portReferences>
        </ipxact:adHocConnection>
        <ipxact:adHocConnection>
            <ipxact:name>cpu0.req_data0_4</ipxact:name>
            <ipxact:tiedValue>open</ipxact:tiedValue>
            <ipxact:portReferences>
                <ipxact:internalPortReference componentRef="cpu0" portRef="req_data0_4"/>
            </ipxact:portReferences>
        </ipxact:adHocConnection>
        <ipxact:adHocConnection>
            <ipxact:name>cpu0.req_data1_4</ipxact:name>
            <ipxact:tiedValue>open</ipxact:tiedValue>
            <ipxact:portReferences>
                <ipxact:internalPortReference componentRef="cpu0" portRef="req_data1_4"/>
            </ipxact:portReferences>
        </ipxact:adHocConnection>
        <ipxact:adHocConnection>
            <ipxact:name>cpu0.resp_valid.4:4</ipxact:name>
            <ipxact:tiedValue>open</ipxact:tiedValue>
            <ipxact:portReferences>
                <ipxact:internalPortReference componentRef="cpu0" portRef="resp_valid">
                    <ipxact:partSelect>
                        <ipxact:range>
                            <ipxact:left>4</ipxact:left>
                            <ipxact:right>4</ipxact:right>
                        </ipxact:range>
                    </ipxact:partSelect>
                </ipxact:internalPortReference>
            </ipxact:portReferences>
        </ipxact:adHocConnection>
        <ipxact:adHocConnection>
            <ipxact:name>cpu0.resp_ready.4:4</ipxact:name>
            <ipxact:tiedValue>open</ipxact:tiedValue>
            <ipxact:portReferences>
                <ipxact:internalPortReference componentRef="cpu0" portRef="resp_ready">
                    <ipxact:partSelect>
                        <ipxact:range>
                            <ipxact:left>4</ipxact:left>
                            <ipxact:right>4</ipxact:right>
                        </ipxact:range>
                    </ipxact:partSelect>
                </ipxact:internalPortReference>
            </ipxact:portReferences>
        </ipxact:adHocConnection>
        <ipxact:adHocConnection>
            <ipxact:name>cpu0.resp_data_4</ipxact:name>
            <ipxact:tiedValue>open</ipxact:tiedValue>
            <ipxact:portReferences>
                <ipxact:internalPortReference componentRef="cpu0" portRef="resp_data_4"/>
            </ipxact:portReferences>
        </ipxact:adHocConnection>
        <ipxact:adHocConnection>
            <ipxact:name>cpu0.resp_status_4</ipxact:name>
            <ipxact:tiedValue>open</ipxact:tiedValue>
            <ipxact:portReferences>
                <ipxact:internalPortReference componentRef="cpu0" portRef="resp_status_4"/>
            </ipxact:portReferences>
        </ipxact:adHocConnection>
        <ipxact:adHocConnection>
            <ipxact:name>cpu0.req_valid.3:3</ipxact:name>
            <ipxact:tiedValue>open</ipxact:tiedValue>
            <ipxact:portReferences>
                <ipxact:internalPortReference componentRef="cpu0" portRef="req_valid">
                    <ipxact:partSelect>
                        <ipxact:range>
                            <ipxact:left>3</ipxact:left>
                            <ipxact:right>3</ipxact:right>
                        </ipxact:range>
                    </ipxact:partSelect>
                </ipxact:internalPortReference>
            </ipxact:portReferences>
        </ipxact:adHocConnection>
        <ipxact:adHocConnection>
            <ipxact:name>cpu0.req_ready.3:3</ipxact:name>
            <ipxact:tiedValue>open</ipxact:tiedValue>
            <ipxact:portReferences>
                <ipxact:internalPortReference componentRef="cpu0" portRef="req_ready">
                    <ipxact:partSelect>
                        <ipxact:range>
                            <ipxact:left>3</ipxact:left>
                            <ipxact:right>3</ipxact:right>
                        </ipxact:range>
                    </ipxact:partSelect>
                </ipxact:internalPortReference>
            </ipxact:portReferences>
        </ipxact:adHocConnection>
        <ipxact:adHocConnection>
            <ipxact:name>cpu0.req_cfu_3</ipxact:name>
            <ipxact:tiedValue>open</ipxact:tiedValue>
            <ipxact:portReferences>
                <ipxact:internalPortReference componentRef="cpu0" portRef="req_cfu_3"/>
            </ipxact:portReferences>
        </ipxact:adHocConnection>
        <ipxact:adHocConnection>
            <ipxact:name>cpu0.req_state_3</ipxact:name>
            <ipxact:tiedValue>open</ipxact:tiedValue>
            <ipxact:portReferences>
                <ipxact:internalPortReference componentRef="cpu0" portRef="req_state_3"/>
            </ipxact:portReferences>
        </ipxact:adHocConnection>
        <ipxact:adHocConnection>
            <ipxact:name>cpu0.req_func_3</ipxact:name>
            <ipxact:tiedValue>open</ipxact:tiedValue>
            <ipxact:portReferences>
                <ipxact:internalPortReference componentRef="cpu0" portRef="req_func_3"/>
            </ipxact:portReferences>
        </ipxact:adHocConnection>
        <ipxact:adHocConnection>
            <ipxact:name>cpu0.req_insn_3</ipxact:name>
            <ipxact:tiedValue>open</ipxact:tiedValue>
            <ipxact:portReferences>
                <ipxact:internalPortReference componentRef="cpu0" portRef="req_insn_3"/>
            </ipxact:portReferences>
        </ipxact:adHocConnection>
        <ipxact:adHocConnection>
            <ipxact:name>cpu0.req_data0_3</ipxact:name>
            <ipxact:tiedValue>open</ipxact:tiedValue>
            <ipxact:portReferences>
                <ipxact:internalPortReference componentRef="cpu0" portRef="req_data0_3"/>
            </ipxact:portReferences>
        </ipxact:adHocConnection>
        <ipxact:adHocConnection>
            <ipxact:name>cpu0.req_data1_3</ipxact:name>
            <ipxact:tiedValue>open</ipxact:tiedValue>
            <ipxact:portReferences>
                <ipxact:internalPortReference componentRef="cpu0" portRef="req_data1_3"/>
            </ipxact:portReferences>
        </ipxact:adHocConnection>
        <ipxact:adHocConnection>
            <ipxact:name>cpu0.resp_valid.3:3</ipxact:name>
            <ipxact:tiedValue>open</ipxact:tiedValue>
            <ipxact:portReferences>
                <ipxact:internalPortReference componentRef="cpu0" portRef="resp_valid">
                    <ipxact:partSelect>
                        <ipxact:range>
                            <ipxact:left>3</ipxact:left>
                            <ipxact:right>3</ipxact:right>
                        </ipxact:range>
                    </ipxact:partSelect>
                </ipxact:internalPortReference>
            </ipxact:portReferences>
        </ipxact:adHocConnection>
        <ipxact:adHocConnection>
            <ipxact:name>cpu0.resp_ready.3:3</ipxact:name>
            <ipxact:tiedValue>open</ipxact:tiedValue>
            <ipxact:portReferences>
                <ipxact:internalPortReference componentRef="cpu0" portRef="resp_ready">
                    <ipxact:partSelect>
                        <ipxact:range>
                            <ipxact:left>3</ipxact:left>
                            <ipxact:right>3</ipxact:right>
                        </ipxact:range>
                    </ipxact:partSelect>
                </ipxact:internalPortReference>
            </ipxact:portReferences>
        </ipxact:adHocConnection>
        <ipxact:adHocConnection>
            <ipxact:name>cpu0.resp_data_3</ipxact:name>
            <ipxact:tiedValue>open</ipxact:tiedValue>
            <ipxact:portReferences>
                <ipxact:internalPortReference componentRef="cpu0" portRef="resp_data_3"/>
            </ipxact:portReferences>
        </ipxact:adHocConnection>
        <ipxact:adHocConnection>
            <ipxact:name>cpu0.resp_status_3</ipxact:name>
            <ipxact:tiedValue>open</ipxact:tiedValue>
            <ipxact:portReferences>
                <ipxact:internalPortReference componentRef="cpu0" portRef="resp_status_3"/>
            </ipxact:portReferences>
        </ipxact:adHocConnection>
        <ipxact:adHocConnection>
            <ipxact:name>cpu0.req_valid.2:2</ipxact:name>
            <ipxact:tiedValue>open</ipxact:tiedValue>
            <ipxact:portReferences>
                <ipxact:internalPortReference componentRef="cpu0" portRef="req_valid">
                    <ipxact:partSelect>
                        <ipxact:range>
                            <ipxact:left>2</ipxact:left>
                            <ipxact:right>2</ipxact:right>
                        </ipxact:range>
                    </ipxact:partSelect>
                </ipxact:internalPortReference>
            </ipxact:portReferences>
        </ipxact:adHocConnection>
        <ipxact:adHocConnection>
            <ipxact:name>cpu0.req_ready.2:2</ipxact:name>
            <ipxact:tiedValue>open</ipxact:tiedValue>
            <ipxact:portReferences>
                <ipxact:internalPortReference componentRef="cpu0" portRef="req_ready">
                    <ipxact:partSelect>
                        <ipxact:range>
                            <ipxact:left>2</ipxact:left>
                            <ipxact:right>2</ipxact:right>
                        </ipxact:range>
                    </ipxact:partSelect>
                </ipxact:internalPortReference>
            </ipxact:portReferences>
        </ipxact:adHocConnection>
        <ipxact:adHocConnection>
            <ipxact:name>cpu0.req_cfu_2</ipxact:name>
            <ipxact:tiedValue>open</ipxact:tiedValue>
            <ipxact:portReferences>
                <ipxact:internalPortReference componentRef="cpu0" portRef="req_cfu_2"/>
            </ipxact:portReferences>
        </ipxact:adHocConnection>
        <ipxact:adHocConnection>
            <ipxact:name>cpu0.req_state_2</ipxact:name>
            <ipxact:tiedValue>open</ipxact:tiedValue>
            <ipxact:portReferences>
                <ipxact:internalPortReference componentRef="cpu0" portRef="req_state_2"/>
            </ipxact:portReferences>
        </ipxact:adHocConnection>
        <ipxact:adHocConnection>
            <ipxact:name>cpu0.req_func_2</ipxact:name>
            <ipxact:tiedValue>open</ipxact:tiedValue>
            <ipxact:portReferences>
                <ipxact:internalPortReference componentRef="cpu0" portRef="req_func_2"/>
            </ipxact:portReferences>
        </ipxact:adHocConnection>
        <ipxact:adHocConnection>
            <ipxact:name>cpu0.req_insn_2</ipxact:name>
            <ipxact:tiedValue>open</ipxact:tiedValue>
            <ipxact:portReferences>
                <ipxact:internalPortReference componentRef="cpu0" portRef="req_insn_2"/>
            </ipxact:portReferences>
        </ipxact:adHocConnection>
        <ipxact:adHocConnection>
            <ipxact:name>cpu0.req_data0_2</ipxact:name>
            <ipxact:tiedValue>open</ipxact:tiedValue>
            <ipxact:portReferences>
                <ipxact:internalPortReference componentRef="cpu0" portRef="req_data0_2"/>
            </ipxact:portReferences>
        </ipxact:adHocConnection>
        <ipxact:adHocConnection>
            <ipxact:name>cpu0.req_data1_2</ipxact:name>
            <ipxact:tiedValue>open</ipxact:tiedValue>
            <ipxact:portReferences>
                <ipxact:internalPortReference componentRef="cpu0" portRef="req_data1_2"/>
            </ipxact:portReferences>
        </ipxact:adHocConnection>
        <ipxact:adHocConnection>
            <ipxact:name>cpu0.resp_valid.2:2</ipxact:name>
            <ipxact:tiedValue>open</ipxact:tiedValue>
            <ipxact:portReferences>
                <ipxact:internalPortReference componentRef="cpu0" portRef="resp_valid">
                    <ipxact:partSelect>
                        <ipxact:range>
                            <ipxact:left>2</ipxact:left>
                            <ipxact:right>2</ipxact:right>
                        </ipxact:range>
                    </ipxact:partSelect>
                </ipxact:internalPortReference>
            </ipxact:portReferences>
        </ipxact:adHocConnection>
        <ipxact:adHocConnection>
            <ipxact:name>cpu0.resp_ready.2:2</ipxact:name>
            <ipxact:tiedValue>open</ipxact:tiedValue>
            <ipxact:portReferences>
                <ipxact:internalPortReference componentRef="cpu0" portRef="resp_ready">
                    <ipxact:partSelect>
                        <ipxact:range>
                            <ipxact:left>2</ipxact:left>
                            <ipxact:right>2</ipxact:right>
                        </ipxact:range>
                    </ipxact:partSelect>
                </ipxact:internalPortReference>
            </ipxact:portReferences>
        </ipxact:adHocConnection>
        <ipxact:adHocConnection>
            <ipxact:name>cpu0.resp_data_2</ipxact:name>
            <ipxact:tiedValue>open</ipxact:tiedValue>
            <ipxact:portReferences>
                <ipxact:internalPortReference componentRef="cpu0" portRef="resp_data_2"/>
            </ipxact:portReferences>
        </ipxact:adHocConnection>
        <ipxact:adHocConnection>
            <ipxact:name>cpu0.resp_status_2</ipxact:name>
            <ipxact:tiedValue>open</ipxact:tiedValue>
            <ipxact:portReferences>
                <ipxact:internalPortReference componentRef="cpu0" portRef="resp_status_2"/>
            </ipxact:portReferences>
        </ipxact:adHocConnection>
        <ipxact:adHocConnection>
            <ipxact:name>cpu0.req_valid.1:1</ipxact:name>
            <ipxact:tiedValue>open</ipxact:tiedValue>
            <ipxact:portReferences>
                <ipxact:internalPortReference componentRef="cpu0" portRef="req_valid">
                    <ipxact:partSelect>
                        <ipxact:range>
                            <ipxact:left>1</ipxact:left>
                            <ipxact:right>1</ipxact:right>
                        </ipxact:range>
                    </ipxact:partSelect>
                </ipxact:internalPortReference>
            </ipxact:portReferences>
        </ipxact:adHocConnection>
        <ipxact:adHocConnection>
            <ipxact:name>cpu0.req_ready.1:1</ipxact:name>
            <ipxact:tiedValue>open</ipxact:tiedValue>
            <ipxact:portReferences>
                <ipxact:internalPortReference componentRef="cpu0" portRef="req_ready">
                    <ipxact:partSelect>
                        <ipxact:range>
                            <ipxact:left>1</ipxact:left>
                            <ipxact:right>1</ipxact:right>
                        </ipxact:range>
                    </ipxact:partSelect>
                </ipxact:internalPortReference>
            </ipxact:portReferences>
        </ipxact:adHocConnection>
        <ipxact:adHocConnection>
            <ipxact:name>cpu0.req_cfu_1</ipxact:name>
            <ipxact:tiedValue>open</ipxact:tiedValue>
            <ipxact:portReferences>
                <ipxact:internalPortReference componentRef="cpu0" portRef="req_cfu_1"/>
            </ipxact:portReferences>
        </ipxact:adHocConnection>
        <ipxact:adHocConnection>
            <ipxact:name>cpu0.req_state_1</ipxact:name>
            <ipxact:tiedValue>open</ipxact:tiedValue>
            <ipxact:portReferences>
                <ipxact:internalPortReference componentRef="cpu0" portRef="req_state_1"/>
            </ipxact:portReferences>
        </ipxact:adHocConnection>
        <ipxact:adHocConnection>
            <ipxact:name>cpu0.req_func_1</ipxact:name>
            <ipxact:tiedValue>open</ipxact:tiedValue>
            <ipxact:portReferences>
                <ipxact:internalPortReference componentRef="cpu0" portRef="req_func_1"/>
            </ipxact:portReferences>
        </ipxact:adHocConnection>
        <ipxact:adHocConnection>
            <ipxact:name>cpu0.req_insn_1</ipxact:name>
            <ipxact:tiedValue>open</ipxact:tiedValue>
            <ipxact:portReferences>
                <ipxact:internalPortReference componentRef="cpu0" portRef="req_insn_1"/>
            </ipxact:portReferences>
        </ipxact:adHocConnection>
        <ipxact:adHocConnection>
            <ipxact:name>cpu0.req_data0_1</ipxact:name>
            <ipxact:tiedValue>open</ipxact:tiedValue>
            <ipxact:portReferences>
                <ipxact:internalPortReference componentRef="cpu0" portRef="req_data0_1"/>
            </ipxact:portReferences>
        </ipxact:adHocConnection>
        <ipxact:adHocConnection>
            <ipxact:name>cpu0.req_data1_1</ipxact:name>
            <ipxact:tiedValue>open</ipxact:tiedValue>
            <ipxact:portReferences>
                <ipxact:internalPortReference componentRef="cpu0" portRef="req_data1_1"/>
            </ipxact:portReferences>
        </ipxact:adHocConnection>
        <ipxact:adHocConnection>
            <ipxact:name>cpu0.resp_valid.1:1</ipxact:name>
            <ipxact:tiedValue>open</ipxact:tiedValue>
            <ipxact:portReferences>
                <ipxact:internalPortReference componentRef="cpu0" portRef="resp_valid">
                    <ipxact:partSelect>
                        <ipxact:range>
                            <ipxact:left>1</ipxact:left>
                            <ipxact:right>1</ipxact:right>
                        </ipxact:range>
                    </ipxact:partSelect>
                </ipxact:internalPortReference>
            </ipxact:portReferences>
        </ipxact:adHocConnection>
        <ipxact:adHocConnection>
            <ipxact:name>cpu0.resp_ready.1:1</ipxact:name>
            <ipxact:tiedValue>open</ipxact:tiedValue>
            <ipxact:portReferences>
                <ipxact:internalPortReference componentRef="cpu0" portRef="resp_ready">
                    <ipxact:partSelect>
                        <ipxact:range>
                            <ipxact:left>1</ipxact:left>
                            <ipxact:right>1</ipxact:right>
                        </ipxact:range>
                    </ipxact:partSelect>
                </ipxact:internalPortReference>
            </ipxact:portReferences>
        </ipxact:adHocConnection>
        <ipxact:adHocConnection>
            <ipxact:name>cpu0.resp_data_1</ipxact:name>
            <ipxact:tiedValue>open</ipxact:tiedValue>
            <ipxact:portReferences>
                <ipxact:internalPortReference componentRef="cpu0" portRef="resp_data_1"/>
            </ipxact:portReferences>
        </ipxact:adHocConnection>
        <ipxact:adHocConnection>
            <ipxact:name>cpu0.resp_status_1</ipxact:name>
            <ipxact:tiedValue>open</ipxact:tiedValue>
            <ipxact:portReferences>
                <ipxact:internalPortReference componentRef="cpu0" portRef="resp_status_1"/>
            </ipxact:portReferences>
        </ipxact:adHocConnection>
        <ipxact:adHocConnection>
            <ipxact:name>cpu0.req_valid.0:0</ipxact:name>
            <ipxact:tiedValue>open</ipxact:tiedValue>
            <ipxact:portReferences>
                <ipxact:internalPortReference componentRef="cpu0" portRef="req_valid">
                    <ipxact:partSelect>
                        <ipxact:range>
                            <ipxact:left>0</ipxact:left>
                            <ipxact:right>0</ipxact:right>
                        </ipxact:range>
                    </ipxact:partSelect>
                </ipxact:internalPortReference>
            </ipxact:portReferences>
        </ipxact:adHocConnection>
        <ipxact:adHocConnection>
            <ipxact:name>cpu0.req_ready.0:0</ipxact:name>
            <ipxact:tiedValue>open</ipxact:tiedValue>
            <ipxact:portReferences>
                <ipxact:internalPortReference componentRef="cpu0" portRef="req_ready">
                    <ipxact:partSelect>
                        <ipxact:range>
                            <ipxact:left>0</ipxact:left>
                            <ipxact:right>0</ipxact:right>
                        </ipxact:range>
                    </ipxact:partSelect>
                </ipxact:internalPortReference>
            </ipxact:portReferences>
        </ipxact:adHocConnection>
        <ipxact:adHocConnection>
            <ipxact:name>cpu0.req_func_0</ipxact:name>
            <ipxact:tiedValue>open</ipxact:tiedValue>
            <ipxact:portReferences>
                <ipxact:internalPortReference componentRef="cpu0" portRef="req_func_0"/>
            </ipxact:portReferences>
        </ipxact:adHocConnection>
        <ipxact:adHocConnection>
            <ipxact:name>cpu0.req_data0_0</ipxact:name>
            <ipxact:tiedValue>open</ipxact:tiedValue>
            <ipxact:portReferences>
                <ipxact:internalPortReference componentRef="cpu0" portRef="req_data0_0"/>
            </ipxact:portReferences>
        </ipxact:adHocConnection>
        <ipxact:adHocConnection>
            <ipxact:name>cpu0.req_data1_0</ipxact:name>
            <ipxact:tiedValue>open</ipxact:tiedValue>
            <ipxact:portReferences>
                <ipxact:internalPortReference componentRef="cpu0" portRef="req_data1_0"/>
            </ipxact:portReferences>
        </ipxact:adHocConnection>
        <ipxact:adHocConnection>
            <ipxact:name>cpu0.req_state_0</ipxact:name>
            <ipxact:tiedValue>open</ipxact:tiedValue>
            <ipxact:portReferences>
                <ipxact:internalPortReference componentRef="cpu0" portRef="req_state_0"/>
            </ipxact:portReferences>
        </ipxact:adHocConnection>
        <ipxact:adHocConnection>
            <ipxact:name>cpu0.req_cfu_0</ipxact:name>
            <ipxact:tiedValue>open</ipxact:tiedValue>
            <ipxact:portReferences>
                <ipxact:internalPortReference componentRef="cpu0" portRef="req_cfu_0"/>
            </ipxact:portReferences>
        </ipxact:adHocConnection>
        <ipxact:adHocConnection>
            <ipxact:name>cpu0.req_insn_0</ipxact:name>
            <ipxact:tiedValue>open</ipxact:tiedValue>
            <ipxact:portReferences>
                <ipxact:internalPortReference componentRef="cpu0" portRef="req_insn_0"/>
            </ipxact:portReferences>
        </ipxact:adHocConnection>
        <ipxact:adHocConnection>
            <ipxact:name>cpu0.resp_valid.0:0</ipxact:name>
            <ipxact:tiedValue>open</ipxact:tiedValue>
            <ipxact:portReferences>
                <ipxact:internalPortReference componentRef="cpu0" portRef="resp_valid">
                    <ipxact:partSelect>
                        <ipxact:range>
                            <ipxact:left>0</ipxact:left>
                            <ipxact:right>0</ipxact:right>
                        </ipxact:range>
                    </ipxact:partSelect>
                </ipxact:internalPortReference>
            </ipxact:portReferences>
        </ipxact:adHocConnection>
        <ipxact:adHocConnection>
            <ipxact:name>cpu0.resp_ready.0:0</ipxact:name>
            <ipxact:tiedValue>open</ipxact:tiedValue>
            <ipxact:portReferences>
                <ipxact:internalPortReference componentRef="cpu0" portRef="resp_ready">
                    <ipxact:partSelect>
                        <ipxact:range>
                            <ipxact:left>0</ipxact:left>
                            <ipxact:right>0</ipxact:right>
                        </ipxact:range>
                    </ipxact:partSelect>
                </ipxact:internalPortReference>
            </ipxact:portReferences>
        </ipxact:adHocConnection>
        <ipxact:adHocConnection>
            <ipxact:name>cpu0.resp_data_0</ipxact:name>
            <ipxact:tiedValue>open</ipxact:tiedValue>
            <ipxact:portReferences>
                <ipxact:internalPortReference componentRef="cpu0" portRef="resp_data_0"/>
            </ipxact:portReferences>
        </ipxact:adHocConnection>
        <ipxact:adHocConnection>
            <ipxact:name>cpu0.resp_status_0</ipxact:name>
            <ipxact:tiedValue>open</ipxact:tiedValue>
            <ipxact:portReferences>
                <ipxact:internalPortReference componentRef="cpu0" portRef="resp_status_0"/>
            </ipxact:portReferences>
        </ipxact:adHocConnection>
        <ipxact:adHocConnection>
            <ipxact:name>cpu0.rvfi_valid</ipxact:name>
            <ipxact:tiedValue>open</ipxact:tiedValue>
            <ipxact:portReferences>
                <ipxact:internalPortReference componentRef="cpu0" portRef="rvfi_valid"/>
            </ipxact:portReferences>
        </ipxact:adHocConnection>
        <ipxact:adHocConnection>
            <ipxact:name>cpu0.rvfi_order</ipxact:name>
            <ipxact:tiedValue>open</ipxact:tiedValue>
            <ipxact:portReferences>
                <ipxact:internalPortReference componentRef="cpu0" portRef="rvfi_order"/>
            </ipxact:portReferences>
        </ipxact:adHocConnection>
        <ipxact:adHocConnection>
            <ipxact:name>cpu0.rvfi_insn</ipxact:name>
            <ipxact:tiedValue>open</ipxact:tiedValue>
            <ipxact:portReferences>
                <ipxact:internalPortReference componentRef="cpu0" portRef="rvfi_insn"/>
            </ipxact:portReferences>
        </ipxact:adHocConnection>
        <ipxact:adHocConnection>
            <ipxact:name>cpu0.rvfi_trap</ipxact:name>
            <ipxact:tiedValue>open</ipxact:tiedValue>
            <ipxact:portReferences>
                <ipxact:internalPortReference componentRef="cpu0" portRef="rvfi_trap"/>
            </ipxact:portReferences>
        </ipxact:adHocConnection>
        <ipxact:adHocConnection>
            <ipxact:name>cpu0.rvfi_halt</ipxact:name>
            <ipxact:tiedValue>open</ipxact:tiedValue>
            <ipxact:portReferences>
                <ipxact:internalPortReference componentRef="cpu0" portRef="rvfi_halt"/>
            </ipxact:portReferences>
        </ipxact:adHocConnection>
        <ipxact:adHocConnection>
            <ipxact:name>cpu0.rvfi_intr</ipxact:name>
            <ipxact:tiedValue>open</ipxact:tiedValue>
            <ipxact:portReferences>
                <ipxact:internalPortReference componentRef="cpu0" portRef="rvfi_intr"/>
            </ipxact:portReferences>
        </ipxact:adHocConnection>
        <ipxact:adHocConnection>
            <ipxact:name>cpu0.rvfi_mode</ipxact:name>
            <ipxact:tiedValue>open</ipxact:tiedValue>
            <ipxact:portReferences>
                <ipxact:internalPortReference componentRef="cpu0" portRef="rvfi_mode"/>
            </ipxact:portReferences>
        </ipxact:adHocConnection>
        <ipxact:adHocConnection>
            <ipxact:name>cpu0.rvfi_ixl</ipxact:name>
            <ipxact:tiedValue>open</ipxact:tiedValue>
            <ipxact:portReferences>
                <ipxact:internalPortReference componentRef="cpu0" portRef="rvfi_ixl"/>
            </ipxact:portReferences>
        </ipxact:adHocConnection>
        <ipxact:adHocConnection>
            <ipxact:name>cpu0.rvfi_rs1_addr</ipxact:name>
            <ipxact:tiedValue>open</ipxact:tiedValue>
            <ipxact:portReferences>
                <ipxact:internalPortReference componentRef="cpu0" portRef="rvfi_rs1_addr"/>
            </ipxact:portReferences>
        </ipxact:adHocConnection>
        <ipxact:adHocConnection>
            <ipxact:name>cpu0.rvfi_rs2_addr</ipxact:name>
            <ipxact:tiedValue>open</ipxact:tiedValue>
            <ipxact:portReferences>
                <ipxact:internalPortReference componentRef="cpu0" portRef="rvfi_rs2_addr"/>
            </ipxact:portReferences>
        </ipxact:adHocConnection>
        <ipxact:adHocConnection>
            <ipxact:name>cpu0.rvfi_rs1_rdata</ipxact:name>
            <ipxact:tiedValue>open</ipxact:tiedValue>
            <ipxact:portReferences>
                <ipxact:internalPortReference componentRef="cpu0" portRef="rvfi_rs1_rdata"/>
            </ipxact:portReferences>
        </ipxact:adHocConnection>
        <ipxact:adHocConnection>
            <ipxact:name>cpu0.rvfi_rs2_rdata</ipxact:name>
            <ipxact:tiedValue>open</ipxact:tiedValue>
            <ipxact:portReferences>
                <ipxact:internalPortReference componentRef="cpu0" portRef="rvfi_rs2_rdata"/>
            </ipxact:portReferences>
        </ipxact:adHocConnection>
        <ipxact:adHocConnection>
            <ipxact:name>cpu0.rvfi_rd_addr</ipxact:name>
            <ipxact:tiedValue>open</ipxact:tiedValue>
            <ipxact:portReferences>
                <ipxact:internalPortReference componentRef="cpu0" portRef="rvfi_rd_addr"/>
            </ipxact:portReferences>
        </ipxact:adHocConnection>
        <ipxact:adHocConnection>
            <ipxact:name>cpu0.rvfi_rd_wdata</ipxact:name>
            <ipxact:tiedValue>open</ipxact:tiedValue>
            <ipxact:portReferences>
                <ipxact:internalPortReference componentRef="cpu0" portRef="rvfi_rd_wdata"/>
            </ipxact:portReferences>
        </ipxact:adHocConnection>
        <ipxact:adHocConnection>
            <ipxact:name>cpu0.rvfi_pc_rdata</ipxact:name>
            <ipxact:tiedValue>open</ipxact:tiedValue>
            <ipxact:portReferences>
                <ipxact:internalPortReference componentRef="cpu0" portRef="rvfi_pc_rdata"/>
            </ipxact:portReferences>
        </ipxact:adHocConnection>
        <ipxact:adHocConnection>
            <ipxact:name>cpu0.rvfi_pc_wdata</ipxact:name>
            <ipxact:tiedValue>open</ipxact:tiedValue>
            <ipxact:portReferences>
                <ipxact:internalPortReference componentRef="cpu0" portRef="rvfi_pc_wdata"/>
            </ipxact:portReferences>
        </ipxact:adHocConnection>
        <ipxact:adHocConnection>
            <ipxact:name>cpu0.rvfi_mem_addr</ipxact:name>
            <ipxact:tiedValue>open</ipxact:tiedValue>
            <ipxact:portReferences>
                <ipxact:internalPortReference componentRef="cpu0" portRef="rvfi_mem_addr"/>
            </ipxact:portReferences>
        </ipxact:adHocConnection>
        <ipxact:adHocConnection>
            <ipxact:name>cpu0.rvfi_mem_rmask</ipxact:name>
            <ipxact:tiedValue>open</ipxact:tiedValue>
            <ipxact:portReferences>
                <ipxact:internalPortReference componentRef="cpu0" portRef="rvfi_mem_rmask"/>
            </ipxact:portReferences>
        </ipxact:adHocConnection>
        <ipxact:adHocConnection>
            <ipxact:name>cpu0.rvfi_mem_wmask</ipxact:name>
            <ipxact:tiedValue>open</ipxact:tiedValue>
            <ipxact:portReferences>
                <ipxact:internalPortReference componentRef="cpu0" portRef="rvfi_mem_wmask"/>
            </ipxact:portReferences>
        </ipxact:adHocConnection>
        <ipxact:adHocConnection>
            <ipxact:name>cpu0.rvfi_mem_rdata</ipxact:name>
            <ipxact:tiedValue>open</ipxact:tiedValue>
            <ipxact:portReferences>
                <ipxact:internalPortReference componentRef="cpu0" portRef="rvfi_mem_rdata"/>
            </ipxact:portReferences>
        </ipxact:adHocConnection>
        <ipxact:adHocConnection>
            <ipxact:name>cpu0.rvfi_mem_wdata</ipxact:name>
            <ipxact:tiedValue>open</ipxact:tiedValue>
            <ipxact:portReferences>
                <ipxact:internalPortReference componentRef="cpu0" portRef="rvfi_mem_wdata"/>
            </ipxact:portReferences>
        </ipxact:adHocConnection>
    </ipxact:adHocConnections>
</ipxact:design>
