<?xml version="1.0" ?>
<ipxact:component xmlns:ipxact="http://www.accellera.org/XMLSchema/IPXACT/1685-2014" xmlns:lattice="http://www.latticesemi.com/lattice" xmlns:lsccip="http://www.latticesemi.com/XMLSchema/Radiant/ip">
    <ipxact:vendor>latticesemi.com</ipxact:vendor>
    <ipxact:library>module</ipxact:library>
    <ipxact:name>ahbl0</ipxact:name>
    <ipxact:version>1.3.1</ipxact:version>
    <ipxact:busInterfaces>
        <ipxact:busInterface>
            <ipxact:name>AHBL_S00</ipxact:name>
            <ipxact:displayName>AHBL_S00</ipxact:displayName>
            <ipxact:description>AHB-Lite slave port</ipxact:description>
            <ipxact:busType library="AMBA3" name="AHBLite" vendor="amba.com" version="r1p0"/>
            <ipxact:abstractionTypes>
                <ipxact:abstractionType>
                    <ipxact:abstractionRef library="AMBA3" name="AHBLite_rtl" vendor="amba.com" version="r1p0"/>
                    <ipxact:portMaps>
                        <ipxact:portMap>
                            <ipxact:logicalPort>
                                <ipxact:name>HSELx</ipxact:name>
                            </ipxact:logicalPort>
                            <ipxact:physicalPort>
                                <ipxact:name>ahbl_s00_hsel_slv_i</ipxact:name>
                            </ipxact:physicalPort>
                        </ipxact:portMap>
                        <ipxact:portMap>
                            <ipxact:logicalPort>
                                <ipxact:name>HADDR</ipxact:name>
                            </ipxact:logicalPort>
                            <ipxact:physicalPort>
                                <ipxact:name>ahbl_s00_haddr_slv_i</ipxact:name>
                            </ipxact:physicalPort>
                        </ipxact:portMap>
                        <ipxact:portMap>
                            <ipxact:logicalPort>
                                <ipxact:name>HBURST</ipxact:name>
                            </ipxact:logicalPort>
                            <ipxact:physicalPort>
                                <ipxact:name>ahbl_s00_hburst_slv_i</ipxact:name>
                            </ipxact:physicalPort>
                        </ipxact:portMap>
                        <ipxact:portMap>
                            <ipxact:logicalPort>
                                <ipxact:name>HSIZE</ipxact:name>
                            </ipxact:logicalPort>
                            <ipxact:physicalPort>
                                <ipxact:name>ahbl_s00_hsize_slv_i</ipxact:name>
                            </ipxact:physicalPort>
                        </ipxact:portMap>
                        <ipxact:portMap>
                            <ipxact:logicalPort>
                                <ipxact:name>HMASTLOCK</ipxact:name>
                            </ipxact:logicalPort>
                            <ipxact:physicalPort>
                                <ipxact:name>ahbl_s00_hmastlock_slv_i</ipxact:name>
                            </ipxact:physicalPort>
                        </ipxact:portMap>
                        <ipxact:portMap>
                            <ipxact:logicalPort>
                                <ipxact:name>HPROT</ipxact:name>
                            </ipxact:logicalPort>
                            <ipxact:physicalPort>
                                <ipxact:name>ahbl_s00_hprot_slv_i</ipxact:name>
                            </ipxact:physicalPort>
                        </ipxact:portMap>
                        <ipxact:portMap>
                            <ipxact:logicalPort>
                                <ipxact:name>HTRANS</ipxact:name>
                            </ipxact:logicalPort>
                            <ipxact:physicalPort>
                                <ipxact:name>ahbl_s00_htrans_slv_i</ipxact:name>
                            </ipxact:physicalPort>
                        </ipxact:portMap>
                        <ipxact:portMap>
                            <ipxact:logicalPort>
                                <ipxact:name>HWDATA</ipxact:name>
                            </ipxact:logicalPort>
                            <ipxact:physicalPort>
                                <ipxact:name>ahbl_s00_hwdata_slv_i</ipxact:name>
                            </ipxact:physicalPort>
                        </ipxact:portMap>
                        <ipxact:portMap>
                            <ipxact:logicalPort>
                                <ipxact:name>HWRITE</ipxact:name>
                            </ipxact:logicalPort>
                            <ipxact:physicalPort>
                                <ipxact:name>ahbl_s00_hwrite_slv_i</ipxact:name>
                            </ipxact:physicalPort>
                        </ipxact:portMap>
                        <ipxact:portMap>
                            <ipxact:logicalPort>
                                <ipxact:name>HREADY</ipxact:name>
                            </ipxact:logicalPort>
                            <ipxact:physicalPort>
                                <ipxact:name>ahbl_s00_hready_slv_i</ipxact:name>
                            </ipxact:physicalPort>
                        </ipxact:portMap>
                        <ipxact:portMap>
                            <ipxact:logicalPort>
                                <ipxact:name>HREADYOUT</ipxact:name>
                            </ipxact:logicalPort>
                            <ipxact:physicalPort>
                                <ipxact:name>ahbl_s00_hreadyout_slv_o</ipxact:name>
                            </ipxact:physicalPort>
                        </ipxact:portMap>
                        <ipxact:portMap>
                            <ipxact:logicalPort>
                                <ipxact:name>HRESP</ipxact:name>
                            </ipxact:logicalPort>
                            <ipxact:physicalPort>
                                <ipxact:name>ahbl_s00_hresp_slv_o</ipxact:name>
                            </ipxact:physicalPort>
                        </ipxact:portMap>
                        <ipxact:portMap>
                            <ipxact:logicalPort>
                                <ipxact:name>HRDATA</ipxact:name>
                            </ipxact:logicalPort>
                            <ipxact:physicalPort>
                                <ipxact:name>ahbl_s00_hrdata_slv_o</ipxact:name>
                            </ipxact:physicalPort>
                        </ipxact:portMap>
                    </ipxact:portMaps>
                </ipxact:abstractionType>
            </ipxact:abstractionTypes>
            <ipxact:slave/>
        </ipxact:busInterface>
        <ipxact:busInterface>
            <ipxact:name>AHBL_M00</ipxact:name>
            <ipxact:displayName>AHBL_M00</ipxact:displayName>
            <ipxact:description>AHB-Lite master port</ipxact:description>
            <ipxact:busType library="AMBA3" name="AHBLite" vendor="amba.com" version="r1p0"/>
            <ipxact:abstractionTypes>
                <ipxact:abstractionType>
                    <ipxact:abstractionRef library="AMBA3" name="AHBLite_rtl" vendor="amba.com" version="r1p0"/>
                    <ipxact:portMaps>
                        <ipxact:portMap>
                            <ipxact:logicalPort>
                                <ipxact:name>HSELx</ipxact:name>
                            </ipxact:logicalPort>
                            <ipxact:physicalPort>
                                <ipxact:name>ahbl_m00_hsel_mstr_o</ipxact:name>
                            </ipxact:physicalPort>
                        </ipxact:portMap>
                        <ipxact:portMap>
                            <ipxact:logicalPort>
                                <ipxact:name>HADDR</ipxact:name>
                            </ipxact:logicalPort>
                            <ipxact:physicalPort>
                                <ipxact:name>ahbl_m00_haddr_mstr_o</ipxact:name>
                            </ipxact:physicalPort>
                        </ipxact:portMap>
                        <ipxact:portMap>
                            <ipxact:logicalPort>
                                <ipxact:name>HBURST</ipxact:name>
                            </ipxact:logicalPort>
                            <ipxact:physicalPort>
                                <ipxact:name>ahbl_m00_hburst_mstr_o</ipxact:name>
                            </ipxact:physicalPort>
                        </ipxact:portMap>
                        <ipxact:portMap>
                            <ipxact:logicalPort>
                                <ipxact:name>HSIZE</ipxact:name>
                            </ipxact:logicalPort>
                            <ipxact:physicalPort>
                                <ipxact:name>ahbl_m00_hsize_mstr_o</ipxact:name>
                            </ipxact:physicalPort>
                        </ipxact:portMap>
                        <ipxact:portMap>
                            <ipxact:logicalPort>
                                <ipxact:name>HMASTLOCK</ipxact:name>
                            </ipxact:logicalPort>
                            <ipxact:physicalPort>
                                <ipxact:name>ahbl_m00_hmastlock_mstr_o</ipxact:name>
                            </ipxact:physicalPort>
                        </ipxact:portMap>
                        <ipxact:portMap>
                            <ipxact:logicalPort>
                                <ipxact:name>HPROT</ipxact:name>
                            </ipxact:logicalPort>
                            <ipxact:physicalPort>
                                <ipxact:name>ahbl_m00_hprot_mstr_o</ipxact:name>
                            </ipxact:physicalPort>
                        </ipxact:portMap>
                        <ipxact:portMap>
                            <ipxact:logicalPort>
                                <ipxact:name>HTRANS</ipxact:name>
                            </ipxact:logicalPort>
                            <ipxact:physicalPort>
                                <ipxact:name>ahbl_m00_htrans_mstr_o</ipxact:name>
                            </ipxact:physicalPort>
                        </ipxact:portMap>
                        <ipxact:portMap>
                            <ipxact:logicalPort>
                                <ipxact:name>HWDATA</ipxact:name>
                            </ipxact:logicalPort>
                            <ipxact:physicalPort>
                                <ipxact:name>ahbl_m00_hwdata_mstr_o</ipxact:name>
                            </ipxact:physicalPort>
                        </ipxact:portMap>
                        <ipxact:portMap>
                            <ipxact:logicalPort>
                                <ipxact:name>HWRITE</ipxact:name>
                            </ipxact:logicalPort>
                            <ipxact:physicalPort>
                                <ipxact:name>ahbl_m00_hwrite_mstr_o</ipxact:name>
                            </ipxact:physicalPort>
                        </ipxact:portMap>
                        <ipxact:portMap>
                            <ipxact:logicalPort>
                                <ipxact:name>HREADY</ipxact:name>
                            </ipxact:logicalPort>
                            <ipxact:physicalPort>
                                <ipxact:name>ahbl_m00_hready_mstr_o</ipxact:name>
                            </ipxact:physicalPort>
                        </ipxact:portMap>
                        <ipxact:portMap>
                            <ipxact:logicalPort>
                                <ipxact:name>HREADYOUT</ipxact:name>
                            </ipxact:logicalPort>
                            <ipxact:physicalPort>
                                <ipxact:name>ahbl_m00_hready_mstr_i</ipxact:name>
                            </ipxact:physicalPort>
                        </ipxact:portMap>
                        <ipxact:portMap>
                            <ipxact:logicalPort>
                                <ipxact:name>HRESP</ipxact:name>
                            </ipxact:logicalPort>
                            <ipxact:physicalPort>
                                <ipxact:name>ahbl_m00_hresp_mstr_i</ipxact:name>
                            </ipxact:physicalPort>
                        </ipxact:portMap>
                        <ipxact:portMap>
                            <ipxact:logicalPort>
                                <ipxact:name>HRDATA</ipxact:name>
                            </ipxact:logicalPort>
                            <ipxact:physicalPort>
                                <ipxact:name>ahbl_m00_hrdata_mstr_i</ipxact:name>
                            </ipxact:physicalPort>
                        </ipxact:portMap>
                    </ipxact:portMaps>
                </ipxact:abstractionType>
            </ipxact:abstractionTypes>
            <ipxact:master/>
            <ipxact:parameters>
                <ipxact:parameter>
                    <ipxact:name>SB_BASE_ADDR</ipxact:name>
                    <ipxact:value>S0_BASE_ADDR</ipxact:value>
                </ipxact:parameter>
                <ipxact:parameter>
                    <ipxact:name>SB_RANGE</ipxact:name>
                    <ipxact:value>S0_ADDR_RANGE</ipxact:value>
                </ipxact:parameter>
                <ipxact:parameter>
                    <ipxact:name>SB_NUM_OF_FRAGMENTS</ipxact:name>
                    <ipxact:value>S0_FRAGMENT_EN</ipxact:value>
                </ipxact:parameter>
            </ipxact:parameters>
        </ipxact:busInterface>
        <ipxact:busInterface>
            <ipxact:name>AHBL_M01</ipxact:name>
            <ipxact:displayName>AHBL_M01</ipxact:displayName>
            <ipxact:description>AHB-Lite master port</ipxact:description>
            <ipxact:busType library="AMBA3" name="AHBLite" vendor="amba.com" version="r1p0"/>
            <ipxact:abstractionTypes>
                <ipxact:abstractionType>
                    <ipxact:abstractionRef library="AMBA3" name="AHBLite_rtl" vendor="amba.com" version="r1p0"/>
                    <ipxact:portMaps>
                        <ipxact:portMap>
                            <ipxact:logicalPort>
                                <ipxact:name>HSELx</ipxact:name>
                            </ipxact:logicalPort>
                            <ipxact:physicalPort>
                                <ipxact:name>ahbl_m01_hsel_mstr_o</ipxact:name>
                            </ipxact:physicalPort>
                        </ipxact:portMap>
                        <ipxact:portMap>
                            <ipxact:logicalPort>
                                <ipxact:name>HADDR</ipxact:name>
                            </ipxact:logicalPort>
                            <ipxact:physicalPort>
                                <ipxact:name>ahbl_m01_haddr_mstr_o</ipxact:name>
                            </ipxact:physicalPort>
                        </ipxact:portMap>
                        <ipxact:portMap>
                            <ipxact:logicalPort>
                                <ipxact:name>HBURST</ipxact:name>
                            </ipxact:logicalPort>
                            <ipxact:physicalPort>
                                <ipxact:name>ahbl_m01_hburst_mstr_o</ipxact:name>
                            </ipxact:physicalPort>
                        </ipxact:portMap>
                        <ipxact:portMap>
                            <ipxact:logicalPort>
                                <ipxact:name>HSIZE</ipxact:name>
                            </ipxact:logicalPort>
                            <ipxact:physicalPort>
                                <ipxact:name>ahbl_m01_hsize_mstr_o</ipxact:name>
                            </ipxact:physicalPort>
                        </ipxact:portMap>
                        <ipxact:portMap>
                            <ipxact:logicalPort>
                                <ipxact:name>HMASTLOCK</ipxact:name>
                            </ipxact:logicalPort>
                            <ipxact:physicalPort>
                                <ipxact:name>ahbl_m01_hmastlock_mstr_o</ipxact:name>
                            </ipxact:physicalPort>
                        </ipxact:portMap>
                        <ipxact:portMap>
                            <ipxact:logicalPort>
                                <ipxact:name>HPROT</ipxact:name>
                            </ipxact:logicalPort>
                            <ipxact:physicalPort>
                                <ipxact:name>ahbl_m01_hprot_mstr_o</ipxact:name>
                            </ipxact:physicalPort>
                        </ipxact:portMap>
                        <ipxact:portMap>
                            <ipxact:logicalPort>
                                <ipxact:name>HTRANS</ipxact:name>
                            </ipxact:logicalPort>
                            <ipxact:physicalPort>
                                <ipxact:name>ahbl_m01_htrans_mstr_o</ipxact:name>
                            </ipxact:physicalPort>
                        </ipxact:portMap>
                        <ipxact:portMap>
                            <ipxact:logicalPort>
                                <ipxact:name>HWDATA</ipxact:name>
                            </ipxact:logicalPort>
                            <ipxact:physicalPort>
                                <ipxact:name>ahbl_m01_hwdata_mstr_o</ipxact:name>
                            </ipxact:physicalPort>
                        </ipxact:portMap>
                        <ipxact:portMap>
                            <ipxact:logicalPort>
                                <ipxact:name>HWRITE</ipxact:name>
                            </ipxact:logicalPort>
                            <ipxact:physicalPort>
                                <ipxact:name>ahbl_m01_hwrite_mstr_o</ipxact:name>
                            </ipxact:physicalPort>
                        </ipxact:portMap>
                        <ipxact:portMap>
                            <ipxact:logicalPort>
                                <ipxact:name>HREADY</ipxact:name>
                            </ipxact:logicalPort>
                            <ipxact:physicalPort>
                                <ipxact:name>ahbl_m01_hready_mstr_o</ipxact:name>
                            </ipxact:physicalPort>
                        </ipxact:portMap>
                        <ipxact:portMap>
                            <ipxact:logicalPort>
                                <ipxact:name>HREADYOUT</ipxact:name>
                            </ipxact:logicalPort>
                            <ipxact:physicalPort>
                                <ipxact:name>ahbl_m01_hready_mstr_i</ipxact:name>
                            </ipxact:physicalPort>
                        </ipxact:portMap>
                        <ipxact:portMap>
                            <ipxact:logicalPort>
                                <ipxact:name>HRESP</ipxact:name>
                            </ipxact:logicalPort>
                            <ipxact:physicalPort>
                                <ipxact:name>ahbl_m01_hresp_mstr_i</ipxact:name>
                            </ipxact:physicalPort>
                        </ipxact:portMap>
                        <ipxact:portMap>
                            <ipxact:logicalPort>
                                <ipxact:name>HRDATA</ipxact:name>
                            </ipxact:logicalPort>
                            <ipxact:physicalPort>
                                <ipxact:name>ahbl_m01_hrdata_mstr_i</ipxact:name>
                            </ipxact:physicalPort>
                        </ipxact:portMap>
                    </ipxact:portMaps>
                </ipxact:abstractionType>
            </ipxact:abstractionTypes>
            <ipxact:master/>
            <ipxact:parameters>
                <ipxact:parameter>
                    <ipxact:name>SB_BASE_ADDR</ipxact:name>
                    <ipxact:value>S1_BASE_ADDR</ipxact:value>
                </ipxact:parameter>
                <ipxact:parameter>
                    <ipxact:name>SB_RANGE</ipxact:name>
                    <ipxact:value>S1_ADDR_RANGE</ipxact:value>
                </ipxact:parameter>
                <ipxact:parameter>
                    <ipxact:name>SB_NUM_OF_FRAGMENTS</ipxact:name>
                    <ipxact:value>S1_FRAGMENT_EN</ipxact:value>
                </ipxact:parameter>
            </ipxact:parameters>
        </ipxact:busInterface>
    </ipxact:busInterfaces>
    <ipxact:model>
        <ipxact:instantiations>
            <ipxact:componentInstantiation>
                <ipxact:name>ahbl0</ipxact:name>
                <ipxact:moduleParameters>
                    <ipxact:moduleParameter configGroups="SystemBuilder" latticeDefaultValue="32" parameterId="M_ADDR_WIDTH" resolve="generated" type="int">
                        <ipxact:name>M_ADDR_WIDTH</ipxact:name>
                        <ipxact:displayName>Manager Address Width(bits)</ipxact:displayName>
                        <ipxact:value>32</ipxact:value>
                    </ipxact:moduleParameter>
                    <ipxact:moduleParameter configGroups="SystemBuilder" latticeDefaultValue="0" parameterId="FULL_DECODE_EN" resolve="generated" type="int">
                        <ipxact:name>FULL_DECODE_EN</ipxact:name>
                        <ipxact:displayName>FULL_DECODE_EN</ipxact:displayName>
                        <ipxact:value>1</ipxact:value>
                    </ipxact:moduleParameter>
                    <ipxact:moduleParameter configGroups="SystemBuilder" latticeDefaultValue="1" parameterId="S0_FRAGMENT_EN" resolve="generated" type="int">
                        <ipxact:name>S0_FRAGMENT_EN</ipxact:name>
                        <ipxact:displayName>S0_FRAGMENT_EN</ipxact:displayName>
                        <ipxact:value>1</ipxact:value>
                    </ipxact:moduleParameter>
                    <ipxact:moduleParameter configGroups="SystemBuilder" latticeDefaultValue="000000400" parameterId="S0_BASE_ADDR" resolve="generated" type="string">
                        <ipxact:name>S0_BASE_ADDR</ipxact:name>
                        <ipxact:displayName>INFO: Actual Base Address</ipxact:displayName>
                        <ipxact:value>32'h00000000</ipxact:value>
                    </ipxact:moduleParameter>
                    <ipxact:moduleParameter configGroups="SystemBuilder" latticeDefaultValue="" parameterId="S0_ADDR_RANGE" resolve="generated" type="string">
                        <ipxact:name>S0_ADDR_RANGE</ipxact:name>
                        <ipxact:displayName>INFO: Actual Address Range</ipxact:displayName>
                        <ipxact:value>32'h00000400</ipxact:value>
                    </ipxact:moduleParameter>
                    <ipxact:moduleParameter configGroups="SystemBuilder" latticeDefaultValue="1" parameterId="S1_FRAGMENT_EN" resolve="generated" type="int">
                        <ipxact:name>S1_FRAGMENT_EN</ipxact:name>
                        <ipxact:displayName>S1_FRAGMENT_EN</ipxact:displayName>
                        <ipxact:value>1</ipxact:value>
                    </ipxact:moduleParameter>
                    <ipxact:moduleParameter configGroups="SystemBuilder" latticeDefaultValue="000000400" parameterId="S1_BASE_ADDR" resolve="generated" type="string">
                        <ipxact:name>S1_BASE_ADDR</ipxact:name>
                        <ipxact:displayName>INFO: Actual Base Address</ipxact:displayName>
                        <ipxact:value>32'h00002000</ipxact:value>
                    </ipxact:moduleParameter>
                    <ipxact:moduleParameter configGroups="SystemBuilder" latticeDefaultValue="" parameterId="S1_ADDR_RANGE" resolve="generated" type="string">
                        <ipxact:name>S1_ADDR_RANGE</ipxact:name>
                        <ipxact:displayName>INFO: Actual Address Range</ipxact:displayName>
                        <ipxact:value>32'h00000400</ipxact:value>
                    </ipxact:moduleParameter>
                </ipxact:moduleParameters>
            </ipxact:componentInstantiation>
            <ipxact:designInstantiation>
                <ipxact:name>ahbl0_design</ipxact:name>
                <ipxact:designRef library="module" name="ahbl0" vendor="latticesemi.com" version="1.3.1"/>
            </ipxact:designInstantiation>
        </ipxact:instantiations>
        <ipxact:ports>
            <ipxact:port>
                <ipxact:name>ahbl_hclk_i</ipxact:name>
                <ipxact:displayName>ahbl_hclk_i</ipxact:displayName>
                <ipxact:wire>
                    <ipxact:direction>in</ipxact:direction>
                </ipxact:wire>
                <ipxact:vendorExtensions>
                    <lsccip:isClk>true</lsccip:isClk>
                </ipxact:vendorExtensions>
            </ipxact:port>
            <ipxact:port>
                <ipxact:name>ahbl_hresetn_i</ipxact:name>
                <ipxact:displayName>ahbl_hresetn_i</ipxact:displayName>
                <ipxact:wire>
                    <ipxact:direction>in</ipxact:direction>
                </ipxact:wire>
                <ipxact:vendorExtensions>
                    <lsccip:isRst>true</lsccip:isRst>
                </ipxact:vendorExtensions>
            </ipxact:port>
            <ipxact:port>
                <ipxact:name>ahbl_m01_hready_mstr_i</ipxact:name>
                <ipxact:displayName>ahbl_m01_hready_mstr_i</ipxact:displayName>
                <ipxact:wire>
                    <ipxact:direction>in</ipxact:direction>
                    <ipxact:vectors>
                        <ipxact:vector>
                            <ipxact:left>0</ipxact:left>
                            <ipxact:right>0</ipxact:right>
                        </ipxact:vector>
                    </ipxact:vectors>
                </ipxact:wire>
            </ipxact:port>
            <ipxact:port>
                <ipxact:name>ahbl_m01_hresp_mstr_i</ipxact:name>
                <ipxact:displayName>ahbl_m01_hresp_mstr_i</ipxact:displayName>
                <ipxact:wire>
                    <ipxact:direction>in</ipxact:direction>
                    <ipxact:vectors>
                        <ipxact:vector>
                            <ipxact:left>0</ipxact:left>
                            <ipxact:right>0</ipxact:right>
                        </ipxact:vector>
                    </ipxact:vectors>
                </ipxact:wire>
            </ipxact:port>
            <ipxact:port>
                <ipxact:name>ahbl_m01_hrdata_mstr_i</ipxact:name>
                <ipxact:displayName>ahbl_m01_hrdata_mstr_i</ipxact:displayName>
                <ipxact:wire>
                    <ipxact:direction>in</ipxact:direction>
                    <ipxact:vectors>
                        <ipxact:vector>
                            <ipxact:left>31</ipxact:left>
                            <ipxact:right>0</ipxact:right>
                        </ipxact:vector>
                    </ipxact:vectors>
                </ipxact:wire>
            </ipxact:port>
            <ipxact:port>
                <ipxact:name>ahbl_m01_hsel_mstr_o</ipxact:name>
                <ipxact:displayName>ahbl_m01_hsel_mstr_o</ipxact:displayName>
                <ipxact:wire>
                    <ipxact:direction>out</ipxact:direction>
                    <ipxact:vectors>
                        <ipxact:vector>
                            <ipxact:left>0</ipxact:left>
                            <ipxact:right>0</ipxact:right>
                        </ipxact:vector>
                    </ipxact:vectors>
                </ipxact:wire>
            </ipxact:port>
            <ipxact:port>
                <ipxact:name>ahbl_m01_haddr_mstr_o</ipxact:name>
                <ipxact:displayName>ahbl_m01_haddr_mstr_o</ipxact:displayName>
                <ipxact:wire>
                    <ipxact:direction>out</ipxact:direction>
                    <ipxact:vectors>
                        <ipxact:vector>
                            <ipxact:left>31</ipxact:left>
                            <ipxact:right>0</ipxact:right>
                        </ipxact:vector>
                    </ipxact:vectors>
                </ipxact:wire>
            </ipxact:port>
            <ipxact:port>
                <ipxact:name>ahbl_m01_hburst_mstr_o</ipxact:name>
                <ipxact:displayName>ahbl_m01_hburst_mstr_o</ipxact:displayName>
                <ipxact:wire>
                    <ipxact:direction>out</ipxact:direction>
                    <ipxact:vectors>
                        <ipxact:vector>
                            <ipxact:left>2</ipxact:left>
                            <ipxact:right>0</ipxact:right>
                        </ipxact:vector>
                    </ipxact:vectors>
                </ipxact:wire>
            </ipxact:port>
            <ipxact:port>
                <ipxact:name>ahbl_m01_hsize_mstr_o</ipxact:name>
                <ipxact:displayName>ahbl_m01_hsize_mstr_o</ipxact:displayName>
                <ipxact:wire>
                    <ipxact:direction>out</ipxact:direction>
                    <ipxact:vectors>
                        <ipxact:vector>
                            <ipxact:left>2</ipxact:left>
                            <ipxact:right>0</ipxact:right>
                        </ipxact:vector>
                    </ipxact:vectors>
                </ipxact:wire>
            </ipxact:port>
            <ipxact:port>
                <ipxact:name>ahbl_m01_hmastlock_mstr_o</ipxact:name>
                <ipxact:displayName>ahbl_m01_hmastlock_mstr_o</ipxact:displayName>
                <ipxact:wire>
                    <ipxact:direction>out</ipxact:direction>
                    <ipxact:vectors>
                        <ipxact:vector>
                            <ipxact:left>0</ipxact:left>
                            <ipxact:right>0</ipxact:right>
                        </ipxact:vector>
                    </ipxact:vectors>
                </ipxact:wire>
            </ipxact:port>
            <ipxact:port>
                <ipxact:name>ahbl_m01_hprot_mstr_o</ipxact:name>
                <ipxact:displayName>ahbl_m01_hprot_mstr_o</ipxact:displayName>
                <ipxact:wire>
                    <ipxact:direction>out</ipxact:direction>
                    <ipxact:vectors>
                        <ipxact:vector>
                            <ipxact:left>3</ipxact:left>
                            <ipxact:right>0</ipxact:right>
                        </ipxact:vector>
                    </ipxact:vectors>
                </ipxact:wire>
            </ipxact:port>
            <ipxact:port>
                <ipxact:name>ahbl_m01_htrans_mstr_o</ipxact:name>
                <ipxact:displayName>ahbl_m01_htrans_mstr_o</ipxact:displayName>
                <ipxact:wire>
                    <ipxact:direction>out</ipxact:direction>
                    <ipxact:vectors>
                        <ipxact:vector>
                            <ipxact:left>1</ipxact:left>
                            <ipxact:right>0</ipxact:right>
                        </ipxact:vector>
                    </ipxact:vectors>
                </ipxact:wire>
            </ipxact:port>
            <ipxact:port>
                <ipxact:name>ahbl_m01_hwdata_mstr_o</ipxact:name>
                <ipxact:displayName>ahbl_m01_hwdata_mstr_o</ipxact:displayName>
                <ipxact:wire>
                    <ipxact:direction>out</ipxact:direction>
                    <ipxact:vectors>
                        <ipxact:vector>
                            <ipxact:left>31</ipxact:left>
                            <ipxact:right>0</ipxact:right>
                        </ipxact:vector>
                    </ipxact:vectors>
                </ipxact:wire>
            </ipxact:port>
            <ipxact:port>
                <ipxact:name>ahbl_m01_hwrite_mstr_o</ipxact:name>
                <ipxact:displayName>ahbl_m01_hwrite_mstr_o</ipxact:displayName>
                <ipxact:wire>
                    <ipxact:direction>out</ipxact:direction>
                    <ipxact:vectors>
                        <ipxact:vector>
                            <ipxact:left>0</ipxact:left>
                            <ipxact:right>0</ipxact:right>
                        </ipxact:vector>
                    </ipxact:vectors>
                </ipxact:wire>
            </ipxact:port>
            <ipxact:port>
                <ipxact:name>ahbl_m01_hready_mstr_o</ipxact:name>
                <ipxact:displayName>ahbl_m01_hready_mstr_o</ipxact:displayName>
                <ipxact:wire>
                    <ipxact:direction>out</ipxact:direction>
                    <ipxact:vectors>
                        <ipxact:vector>
                            <ipxact:left>0</ipxact:left>
                            <ipxact:right>0</ipxact:right>
                        </ipxact:vector>
                    </ipxact:vectors>
                </ipxact:wire>
            </ipxact:port>
            <ipxact:port>
                <ipxact:name>ahbl_s00_hsel_slv_i</ipxact:name>
                <ipxact:displayName>ahbl_s00_hsel_slv_i</ipxact:displayName>
                <ipxact:wire>
                    <ipxact:direction>in</ipxact:direction>
                    <ipxact:vectors>
                        <ipxact:vector>
                            <ipxact:left>0</ipxact:left>
                            <ipxact:right>0</ipxact:right>
                        </ipxact:vector>
                    </ipxact:vectors>
                </ipxact:wire>
            </ipxact:port>
            <ipxact:port>
                <ipxact:name>ahbl_s00_haddr_slv_i</ipxact:name>
                <ipxact:displayName>ahbl_s00_haddr_slv_i</ipxact:displayName>
                <ipxact:wire>
                    <ipxact:direction>in</ipxact:direction>
                    <ipxact:vectors>
                        <ipxact:vector>
                            <ipxact:left>31</ipxact:left>
                            <ipxact:right>0</ipxact:right>
                        </ipxact:vector>
                    </ipxact:vectors>
                </ipxact:wire>
            </ipxact:port>
            <ipxact:port>
                <ipxact:name>ahbl_s00_hburst_slv_i</ipxact:name>
                <ipxact:displayName>ahbl_s00_hburst_slv_i</ipxact:displayName>
                <ipxact:wire>
                    <ipxact:direction>in</ipxact:direction>
                    <ipxact:vectors>
                        <ipxact:vector>
                            <ipxact:left>2</ipxact:left>
                            <ipxact:right>0</ipxact:right>
                        </ipxact:vector>
                    </ipxact:vectors>
                </ipxact:wire>
            </ipxact:port>
            <ipxact:port>
                <ipxact:name>ahbl_s00_hsize_slv_i</ipxact:name>
                <ipxact:displayName>ahbl_s00_hsize_slv_i</ipxact:displayName>
                <ipxact:wire>
                    <ipxact:direction>in</ipxact:direction>
                    <ipxact:vectors>
                        <ipxact:vector>
                            <ipxact:left>2</ipxact:left>
                            <ipxact:right>0</ipxact:right>
                        </ipxact:vector>
                    </ipxact:vectors>
                </ipxact:wire>
            </ipxact:port>
            <ipxact:port>
                <ipxact:name>ahbl_s00_hmastlock_slv_i</ipxact:name>
                <ipxact:displayName>ahbl_s00_hmastlock_slv_i</ipxact:displayName>
                <ipxact:wire>
                    <ipxact:direction>in</ipxact:direction>
                    <ipxact:vectors>
                        <ipxact:vector>
                            <ipxact:left>0</ipxact:left>
                            <ipxact:right>0</ipxact:right>
                        </ipxact:vector>
                    </ipxact:vectors>
                </ipxact:wire>
            </ipxact:port>
            <ipxact:port>
                <ipxact:name>ahbl_s00_hprot_slv_i</ipxact:name>
                <ipxact:displayName>ahbl_s00_hprot_slv_i</ipxact:displayName>
                <ipxact:wire>
                    <ipxact:direction>in</ipxact:direction>
                    <ipxact:vectors>
                        <ipxact:vector>
                            <ipxact:left>3</ipxact:left>
                            <ipxact:right>0</ipxact:right>
                        </ipxact:vector>
                    </ipxact:vectors>
                </ipxact:wire>
            </ipxact:port>
            <ipxact:port>
                <ipxact:name>ahbl_s00_htrans_slv_i</ipxact:name>
                <ipxact:displayName>ahbl_s00_htrans_slv_i</ipxact:displayName>
                <ipxact:wire>
                    <ipxact:direction>in</ipxact:direction>
                    <ipxact:vectors>
                        <ipxact:vector>
                            <ipxact:left>1</ipxact:left>
                            <ipxact:right>0</ipxact:right>
                        </ipxact:vector>
                    </ipxact:vectors>
                </ipxact:wire>
            </ipxact:port>
            <ipxact:port>
                <ipxact:name>ahbl_s00_hwdata_slv_i</ipxact:name>
                <ipxact:displayName>ahbl_s00_hwdata_slv_i</ipxact:displayName>
                <ipxact:wire>
                    <ipxact:direction>in</ipxact:direction>
                    <ipxact:vectors>
                        <ipxact:vector>
                            <ipxact:left>31</ipxact:left>
                            <ipxact:right>0</ipxact:right>
                        </ipxact:vector>
                    </ipxact:vectors>
                </ipxact:wire>
            </ipxact:port>
            <ipxact:port>
                <ipxact:name>ahbl_s00_hwrite_slv_i</ipxact:name>
                <ipxact:displayName>ahbl_s00_hwrite_slv_i</ipxact:displayName>
                <ipxact:wire>
                    <ipxact:direction>in</ipxact:direction>
                    <ipxact:vectors>
                        <ipxact:vector>
                            <ipxact:left>0</ipxact:left>
                            <ipxact:right>0</ipxact:right>
                        </ipxact:vector>
                    </ipxact:vectors>
                </ipxact:wire>
            </ipxact:port>
            <ipxact:port>
                <ipxact:name>ahbl_s00_hready_slv_i</ipxact:name>
                <ipxact:displayName>ahbl_s00_hready_slv_i</ipxact:displayName>
                <ipxact:wire>
                    <ipxact:direction>in</ipxact:direction>
                    <ipxact:vectors>
                        <ipxact:vector>
                            <ipxact:left>0</ipxact:left>
                            <ipxact:right>0</ipxact:right>
                        </ipxact:vector>
                    </ipxact:vectors>
                </ipxact:wire>
            </ipxact:port>
            <ipxact:port>
                <ipxact:name>ahbl_s00_hreadyout_slv_o</ipxact:name>
                <ipxact:displayName>ahbl_s00_hreadyout_slv_o</ipxact:displayName>
                <ipxact:wire>
                    <ipxact:direction>out</ipxact:direction>
                    <ipxact:vectors>
                        <ipxact:vector>
                            <ipxact:left>0</ipxact:left>
                            <ipxact:right>0</ipxact:right>
                        </ipxact:vector>
                    </ipxact:vectors>
                </ipxact:wire>
            </ipxact:port>
            <ipxact:port>
                <ipxact:name>ahbl_s00_hresp_slv_o</ipxact:name>
                <ipxact:displayName>ahbl_s00_hresp_slv_o</ipxact:displayName>
                <ipxact:wire>
                    <ipxact:direction>out</ipxact:direction>
                    <ipxact:vectors>
                        <ipxact:vector>
                            <ipxact:left>0</ipxact:left>
                            <ipxact:right>0</ipxact:right>
                        </ipxact:vector>
                    </ipxact:vectors>
                </ipxact:wire>
            </ipxact:port>
            <ipxact:port>
                <ipxact:name>ahbl_s00_hrdata_slv_o</ipxact:name>
                <ipxact:displayName>ahbl_s00_hrdata_slv_o</ipxact:displayName>
                <ipxact:wire>
                    <ipxact:direction>out</ipxact:direction>
                    <ipxact:vectors>
                        <ipxact:vector>
                            <ipxact:left>31</ipxact:left>
                            <ipxact:right>0</ipxact:right>
                        </ipxact:vector>
                    </ipxact:vectors>
                </ipxact:wire>
            </ipxact:port>
            <ipxact:port>
                <ipxact:name>ahbl_m00_hready_mstr_i</ipxact:name>
                <ipxact:displayName>ahbl_m00_hready_mstr_i</ipxact:displayName>
                <ipxact:wire>
                    <ipxact:direction>in</ipxact:direction>
                    <ipxact:vectors>
                        <ipxact:vector>
                            <ipxact:left>0</ipxact:left>
                            <ipxact:right>0</ipxact:right>
                        </ipxact:vector>
                    </ipxact:vectors>
                </ipxact:wire>
            </ipxact:port>
            <ipxact:port>
                <ipxact:name>ahbl_m00_hresp_mstr_i</ipxact:name>
                <ipxact:displayName>ahbl_m00_hresp_mstr_i</ipxact:displayName>
                <ipxact:wire>
                    <ipxact:direction>in</ipxact:direction>
                    <ipxact:vectors>
                        <ipxact:vector>
                            <ipxact:left>0</ipxact:left>
                            <ipxact:right>0</ipxact:right>
                        </ipxact:vector>
                    </ipxact:vectors>
                </ipxact:wire>
            </ipxact:port>
            <ipxact:port>
                <ipxact:name>ahbl_m00_hrdata_mstr_i</ipxact:name>
                <ipxact:displayName>ahbl_m00_hrdata_mstr_i</ipxact:displayName>
                <ipxact:wire>
                    <ipxact:direction>in</ipxact:direction>
                    <ipxact:vectors>
                        <ipxact:vector>
                            <ipxact:left>31</ipxact:left>
                            <ipxact:right>0</ipxact:right>
                        </ipxact:vector>
                    </ipxact:vectors>
                </ipxact:wire>
            </ipxact:port>
            <ipxact:port>
                <ipxact:name>ahbl_m00_hsel_mstr_o</ipxact:name>
                <ipxact:displayName>ahbl_m00_hsel_mstr_o</ipxact:displayName>
                <ipxact:wire>
                    <ipxact:direction>out</ipxact:direction>
                    <ipxact:vectors>
                        <ipxact:vector>
                            <ipxact:left>0</ipxact:left>
                            <ipxact:right>0</ipxact:right>
                        </ipxact:vector>
                    </ipxact:vectors>
                </ipxact:wire>
            </ipxact:port>
            <ipxact:port>
                <ipxact:name>ahbl_m00_haddr_mstr_o</ipxact:name>
                <ipxact:displayName>ahbl_m00_haddr_mstr_o</ipxact:displayName>
                <ipxact:wire>
                    <ipxact:direction>out</ipxact:direction>
                    <ipxact:vectors>
                        <ipxact:vector>
                            <ipxact:left>31</ipxact:left>
                            <ipxact:right>0</ipxact:right>
                        </ipxact:vector>
                    </ipxact:vectors>
                </ipxact:wire>
            </ipxact:port>
            <ipxact:port>
                <ipxact:name>ahbl_m00_hburst_mstr_o</ipxact:name>
                <ipxact:displayName>ahbl_m00_hburst_mstr_o</ipxact:displayName>
                <ipxact:wire>
                    <ipxact:direction>out</ipxact:direction>
                    <ipxact:vectors>
                        <ipxact:vector>
                            <ipxact:left>2</ipxact:left>
                            <ipxact:right>0</ipxact:right>
                        </ipxact:vector>
                    </ipxact:vectors>
                </ipxact:wire>
            </ipxact:port>
            <ipxact:port>
                <ipxact:name>ahbl_m00_hsize_mstr_o</ipxact:name>
                <ipxact:displayName>ahbl_m00_hsize_mstr_o</ipxact:displayName>
                <ipxact:wire>
                    <ipxact:direction>out</ipxact:direction>
                    <ipxact:vectors>
                        <ipxact:vector>
                            <ipxact:left>2</ipxact:left>
                            <ipxact:right>0</ipxact:right>
                        </ipxact:vector>
                    </ipxact:vectors>
                </ipxact:wire>
            </ipxact:port>
            <ipxact:port>
                <ipxact:name>ahbl_m00_hmastlock_mstr_o</ipxact:name>
                <ipxact:displayName>ahbl_m00_hmastlock_mstr_o</ipxact:displayName>
                <ipxact:wire>
                    <ipxact:direction>out</ipxact:direction>
                    <ipxact:vectors>
                        <ipxact:vector>
                            <ipxact:left>0</ipxact:left>
                            <ipxact:right>0</ipxact:right>
                        </ipxact:vector>
                    </ipxact:vectors>
                </ipxact:wire>
            </ipxact:port>
            <ipxact:port>
                <ipxact:name>ahbl_m00_hprot_mstr_o</ipxact:name>
                <ipxact:displayName>ahbl_m00_hprot_mstr_o</ipxact:displayName>
                <ipxact:wire>
                    <ipxact:direction>out</ipxact:direction>
                    <ipxact:vectors>
                        <ipxact:vector>
                            <ipxact:left>3</ipxact:left>
                            <ipxact:right>0</ipxact:right>
                        </ipxact:vector>
                    </ipxact:vectors>
                </ipxact:wire>
            </ipxact:port>
            <ipxact:port>
                <ipxact:name>ahbl_m00_htrans_mstr_o</ipxact:name>
                <ipxact:displayName>ahbl_m00_htrans_mstr_o</ipxact:displayName>
                <ipxact:wire>
                    <ipxact:direction>out</ipxact:direction>
                    <ipxact:vectors>
                        <ipxact:vector>
                            <ipxact:left>1</ipxact:left>
                            <ipxact:right>0</ipxact:right>
                        </ipxact:vector>
                    </ipxact:vectors>
                </ipxact:wire>
            </ipxact:port>
            <ipxact:port>
                <ipxact:name>ahbl_m00_hwdata_mstr_o</ipxact:name>
                <ipxact:displayName>ahbl_m00_hwdata_mstr_o</ipxact:displayName>
                <ipxact:wire>
                    <ipxact:direction>out</ipxact:direction>
                    <ipxact:vectors>
                        <ipxact:vector>
                            <ipxact:left>31</ipxact:left>
                            <ipxact:right>0</ipxact:right>
                        </ipxact:vector>
                    </ipxact:vectors>
                </ipxact:wire>
            </ipxact:port>
            <ipxact:port>
                <ipxact:name>ahbl_m00_hwrite_mstr_o</ipxact:name>
                <ipxact:displayName>ahbl_m00_hwrite_mstr_o</ipxact:displayName>
                <ipxact:wire>
                    <ipxact:direction>out</ipxact:direction>
                    <ipxact:vectors>
                        <ipxact:vector>
                            <ipxact:left>0</ipxact:left>
                            <ipxact:right>0</ipxact:right>
                        </ipxact:vector>
                    </ipxact:vectors>
                </ipxact:wire>
            </ipxact:port>
            <ipxact:port>
                <ipxact:name>ahbl_m00_hready_mstr_o</ipxact:name>
                <ipxact:displayName>ahbl_m00_hready_mstr_o</ipxact:displayName>
                <ipxact:wire>
                    <ipxact:direction>out</ipxact:direction>
                    <ipxact:vectors>
                        <ipxact:vector>
                            <ipxact:left>0</ipxact:left>
                            <ipxact:right>0</ipxact:right>
                        </ipxact:vector>
                    </ipxact:vectors>
                </ipxact:wire>
            </ipxact:port>
        </ipxact:ports>
    </ipxact:model>
    <ipxact:fileSets>
        <ipxact:fileSet>
            <ipxact:name>ipx_file_list</ipxact:name>
            <ipxact:file>
                <ipxact:name>rtl/ahbl0_bb.v</ipxact:name>
                <ipxact:fileType user="black_box_verilog">user</ipxact:fileType>
            </ipxact:file>
            <ipxact:file>
                <ipxact:name>ahbl0.cfg</ipxact:name>
                <ipxact:fileType user="cfg">user</ipxact:fileType>
            </ipxact:file>
            <ipxact:file>
                <ipxact:name>misc/ahbl0_tmpl.v</ipxact:name>
                <ipxact:fileType user="template_verilog">user</ipxact:fileType>
            </ipxact:file>
            <ipxact:file>
                <ipxact:name>misc/ahbl0_tmpl.vhd</ipxact:name>
                <ipxact:fileType user="template_vhdl">user</ipxact:fileType>
            </ipxact:file>
            <ipxact:file>
                <ipxact:name>rtl/ahbl0.v</ipxact:name>
                <ipxact:fileType user="top_level_verilog">user</ipxact:fileType>
            </ipxact:file>
            <ipxact:file>
                <ipxact:name>testbench/dut_params.v</ipxact:name>
                <ipxact:fileType user="dependency_file">user</ipxact:fileType>
            </ipxact:file>
            <ipxact:file>
                <ipxact:name>testbench/dut_inst.v</ipxact:name>
                <ipxact:fileType user="dependency_file">user</ipxact:fileType>
            </ipxact:file>
            <ipxact:file>
                <ipxact:name>component.xml</ipxact:name>
                <ipxact:fileType user="IP-XACT_component">user</ipxact:fileType>
            </ipxact:file>
            <ipxact:file>
                <ipxact:name>design.xml</ipxact:name>
                <ipxact:fileType user="IP-XACT_design">user</ipxact:fileType>
            </ipxact:file>
            <ipxact:file>
                <ipxact:name>testbench/ahbl_int_top.v</ipxact:name>
                <ipxact:fileType user="testbench_verilog">user</ipxact:fileType>
            </ipxact:file>
            <ipxact:file>
                <ipxact:name>testbench/create_ahbl_interconnect_top.py</ipxact:name>
                <ipxact:fileType user="testbench">user</ipxact:fileType>
            </ipxact:file>
            <ipxact:file>
                <ipxact:name>testbench/lscc_ahbl_master_dummy.v</ipxact:name>
                <ipxact:fileType user="testbench_verilog">user</ipxact:fileType>
            </ipxact:file>
            <ipxact:file>
                <ipxact:name>testbench/lscc_ahbl_slave_dummy.v</ipxact:name>
                <ipxact:fileType user="testbench_verilog">user</ipxact:fileType>
            </ipxact:file>
            <ipxact:file>
                <ipxact:name>testbench/lscc_dummy_model_lfsr.v</ipxact:name>
                <ipxact:fileType user="testbench_verilog">user</ipxact:fileType>
            </ipxact:file>
        </ipxact:fileSet>
    </ipxact:fileSets>
    <ipxact:parameters>
        <ipxact:parameter>
            <ipxact:name>SB_COMPONENT_TYPE</ipxact:name>
            <ipxact:value>Bus</ipxact:value>
        </ipxact:parameter>
        <ipxact:parameter parameterId="SB_MIN_ADDR_RANGE" type="int">
            <ipxact:name>SB_MIN_ADDR_RANGE</ipxact:name>
            <ipxact:value>'h400</ipxact:value>
        </ipxact:parameter>
    </ipxact:parameters>
    <ipxact:vendorExtensions>
        <lsccip:moduleRef lsccip:library="module" lsccip:name="ahb_lite_interconnect" lsccip:vendor="latticesemi.com" lsccip:version="1.3.1"/>
        <lsccip:deviceInfo>
            <lsccip:device>LFCPNX-100</lsccip:device>
            <lsccip:device_int>jd5d80</lsccip:device_int>
            <lsccip:package>BBG484</lsccip:package>
            <lsccip:package_int>BBG484</lsccip:package_int>
            <lsccip:performanceGrade>8_High-Performance_1.0V</lsccip:performanceGrade>
            <lsccip:speed_int>11</lsccip:speed_int>
            <lsccip:operation>Commercial</lsccip:operation>
            <lsccip:family>LFCPNX</lsccip:family>
            <lsccip:architecture>jd5d00</lsccip:architecture>
            <lsccip:partnumber>LFCPNX-100-8BBG484C</lsccip:partnumber>
        </lsccip:deviceInfo>
        <lsccip:generationInfo>
            <lsccip:fileVersion>20180929</lsccip:fileVersion>
            <lsccip:createdTimestamp>2025 01 05 13:53:54</lsccip:createdTimestamp>
            <lsccip:radiantBuild>&quot;Lattice Propel&quot; (64-bit) 2024.1.2406150513_p</lsccip:radiantBuild>
        </lsccip:generationInfo>
    </ipxact:vendorExtensions>
</ipxact:component>
