<?xml version="1.0" ?>
<ipxact:design xmlns:ipxact="http://www.accellera.org/XMLSchema/IPXACT/1685-2014" xmlns:lattice="http://www.latticesemi.com/lattice" xmlns:lsccip="http://www.latticesemi.com/XMLSchema/Radiant/ip">
    <ipxact:vendor>Jvos</ipxact:vendor>
    <ipxact:library>ip</ipxact:library>
    <ipxact:name>pwm0</ipxact:name>
    <ipxact:version>1.0.1</ipxact:version>
    <ipxact:componentInstances>
        <ipxact:componentInstance>
            <ipxact:instanceName>apb_to_pwm4_inst</ipxact:instanceName>
            <ipxact:componentRef library="ip" name="pwm4" vendor="Jvos" version="1.0.1">
                <ipxact:configurableElementValues/>
            </ipxact:componentRef>
        </ipxact:componentInstance>
    </ipxact:componentInstances>
    <ipxact:adHocConnections>
        <ipxact:adHocConnection>
            <ipxact:name>pwm0.clk_i</ipxact:name>
            <ipxact:portReferences>
                <ipxact:internalPortReference componentRef="pwm0" portRef="clk_i"/>
                <ipxact:externalPortReference portRef="clk_i"/>
            </ipxact:portReferences>
        </ipxact:adHocConnection>
        <ipxact:adHocConnection>
            <ipxact:name>pwm0.rst_n_i</ipxact:name>
            <ipxact:portReferences>
                <ipxact:internalPortReference componentRef="pwm0" portRef="rst_n_i"/>
                <ipxact:externalPortReference portRef="rst_n_i"/>
            </ipxact:portReferences>
        </ipxact:adHocConnection>
        <ipxact:adHocConnection>
            <ipxact:name>pwm0.PWMOUT.3:0</ipxact:name>
            <ipxact:portReferences>
                <ipxact:internalPortReference componentRef="pwm0" portRef="PWMOUT">
                    <ipxact:partSelect>
                        <ipxact:range>
                            <ipxact:left>3</ipxact:left>
                            <ipxact:right>0</ipxact:right>
                        </ipxact:range>
                    </ipxact:partSelect>
                </ipxact:internalPortReference>
                <ipxact:externalPortReference portRef="PWMOUT">
                    <ipxact:partSelect>
                        <ipxact:range>
                            <ipxact:left>3</ipxact:left>
                            <ipxact:right>0</ipxact:right>
                        </ipxact:range>
                    </ipxact:partSelect>
                </ipxact:externalPortReference>
            </ipxact:portReferences>
        </ipxact:adHocConnection>
        <ipxact:adHocConnection>
            <ipxact:name>pwm0.PSEL</ipxact:name>
            <ipxact:portReferences>
                <ipxact:internalPortReference componentRef="pwm0" portRef="PSEL"/>
                <ipxact:externalPortReference portRef="PSEL"/>
            </ipxact:portReferences>
        </ipxact:adHocConnection>
        <ipxact:adHocConnection>
            <ipxact:name>pwm0.PENABLE</ipxact:name>
            <ipxact:portReferences>
                <ipxact:internalPortReference componentRef="pwm0" portRef="PENABLE"/>
                <ipxact:externalPortReference portRef="PENABLE"/>
            </ipxact:portReferences>
        </ipxact:adHocConnection>
        <ipxact:adHocConnection>
            <ipxact:name>pwm0.PADDR.7:0</ipxact:name>
            <ipxact:portReferences>
                <ipxact:internalPortReference componentRef="pwm0" portRef="PADDR">
                    <ipxact:partSelect>
                        <ipxact:range>
                            <ipxact:left>7</ipxact:left>
                            <ipxact:right>0</ipxact:right>
                        </ipxact:range>
                    </ipxact:partSelect>
                </ipxact:internalPortReference>
                <ipxact:externalPortReference portRef="PADDR">
                    <ipxact:partSelect>
                        <ipxact:range>
                            <ipxact:left>7</ipxact:left>
                            <ipxact:right>0</ipxact:right>
                        </ipxact:range>
                    </ipxact:partSelect>
                </ipxact:externalPortReference>
            </ipxact:portReferences>
        </ipxact:adHocConnection>
        <ipxact:adHocConnection>
            <ipxact:name>pwm0.PWRITE</ipxact:name>
            <ipxact:portReferences>
                <ipxact:internalPortReference componentRef="pwm0" portRef="PWRITE"/>
                <ipxact:externalPortReference portRef="PWRITE"/>
            </ipxact:portReferences>
        </ipxact:adHocConnection>
        <ipxact:adHocConnection>
            <ipxact:name>pwm0.PWDATA.31:0</ipxact:name>
            <ipxact:portReferences>
                <ipxact:internalPortReference componentRef="pwm0" portRef="PWDATA">
                    <ipxact:partSelect>
                        <ipxact:range>
                            <ipxact:left>31</ipxact:left>
                            <ipxact:right>0</ipxact:right>
                        </ipxact:range>
                    </ipxact:partSelect>
                </ipxact:internalPortReference>
                <ipxact:externalPortReference portRef="PWDATA">
                    <ipxact:partSelect>
                        <ipxact:range>
                            <ipxact:left>31</ipxact:left>
                            <ipxact:right>0</ipxact:right>
                        </ipxact:range>
                    </ipxact:partSelect>
                </ipxact:externalPortReference>
            </ipxact:portReferences>
        </ipxact:adHocConnection>
        <ipxact:adHocConnection>
            <ipxact:name>pwm0.PRDATA.31:0</ipxact:name>
            <ipxact:portReferences>
                <ipxact:internalPortReference componentRef="pwm0" portRef="PRDATA">
                    <ipxact:partSelect>
                        <ipxact:range>
                            <ipxact:left>31</ipxact:left>
                            <ipxact:right>0</ipxact:right>
                        </ipxact:range>
                    </ipxact:partSelect>
                </ipxact:internalPortReference>
                <ipxact:externalPortReference portRef="PRDATA">
                    <ipxact:partSelect>
                        <ipxact:range>
                            <ipxact:left>31</ipxact:left>
                            <ipxact:right>0</ipxact:right>
                        </ipxact:range>
                    </ipxact:partSelect>
                </ipxact:externalPortReference>
            </ipxact:portReferences>
        </ipxact:adHocConnection>
        <ipxact:adHocConnection>
            <ipxact:name>pwm0.PREADY</ipxact:name>
            <ipxact:portReferences>
                <ipxact:internalPortReference componentRef="pwm0" portRef="PREADY"/>
                <ipxact:externalPortReference portRef="PREADY"/>
            </ipxact:portReferences>
        </ipxact:adHocConnection>
        <ipxact:adHocConnection>
            <ipxact:name>pwm0.PSLVERR</ipxact:name>
            <ipxact:portReferences>
                <ipxact:internalPortReference componentRef="pwm0" portRef="PSLVERR"/>
                <ipxact:externalPortReference portRef="PSLVERR"/>
            </ipxact:portReferences>
        </ipxact:adHocConnection>
    </ipxact:adHocConnections>
</ipxact:design>
