<?xml version="1.0" ?>
<ipxact:design xmlns:ipxact="http://www.accellera.org/XMLSchema/IPXACT/1685-2014" xmlns:lattice="http://www.latticesemi.com/lattice" xmlns:lsccip="http://www.latticesemi.com/XMLSchema/Radiant/ip">
    <ipxact:vendor>latticesemi.com</ipxact:vendor>
    <ipxact:library>ip</ipxact:library>
    <ipxact:name>gpio0</ipxact:name>
    <ipxact:version>1.6.2</ipxact:version>
    <ipxact:componentInstances>
        <ipxact:componentInstance>
            <ipxact:instanceName>lscc_gpio_inst</ipxact:instanceName>
            <ipxact:componentRef library="ip" name="gpio" vendor="latticesemi.com" version="1.6.2">
                <ipxact:configurableElementValues>
                    <ipxact:configurableElementValue referenceId="FAMILY">LFCPNX</ipxact:configurableElementValue>
                    <ipxact:configurableElementValue referenceId="IO_LINES_COUNT">4</ipxact:configurableElementValue>
                    <ipxact:configurableElementValue referenceId="EXTERNAL_BUF">False</ipxact:configurableElementValue>
                    <ipxact:configurableElementValue referenceId="OUT_RESET_VAL_INPUT">0</ipxact:configurableElementValue>
                    <ipxact:configurableElementValue referenceId="OUT_RESET_VAL">32'h00000000</ipxact:configurableElementValue>
                    <ipxact:configurableElementValue referenceId="IO_OUT_DEF_VAL">0000</ipxact:configurableElementValue>
                    <ipxact:configurableElementValue referenceId="DIRECTION_DEF_VAL_INPUT">0F</ipxact:configurableElementValue>
                    <ipxact:configurableElementValue referenceId="DIRECTION_DEF_VAL">32'h0000000F</ipxact:configurableElementValue>
                    <ipxact:configurableElementValue referenceId="DIRECTION_DEF_ENCODING">oooo</ipxact:configurableElementValue>
                    <ipxact:configurableElementValue referenceId="IF_USER_INTF">APB</ipxact:configurableElementValue>
                </ipxact:configurableElementValues>
            </ipxact:componentRef>
        </ipxact:componentInstance>
    </ipxact:componentInstances>
    <ipxact:adHocConnections>
        <ipxact:adHocConnection>
            <ipxact:name>gpio0.gpio_io</ipxact:name>
            <ipxact:portReferences>
                <ipxact:internalPortReference componentRef="gpio0" portRef="gpio_io"/>
                <ipxact:externalPortReference portRef="gpio_io">
                    <ipxact:partSelect>
                        <ipxact:range>
                            <ipxact:left>3</ipxact:left>
                            <ipxact:right>0</ipxact:right>
                        </ipxact:range>
                    </ipxact:partSelect>
                </ipxact:externalPortReference>
            </ipxact:portReferences>
        </ipxact:adHocConnection>
        <ipxact:adHocConnection>
            <ipxact:name>gpio0.gpio_i</ipxact:name>
            <ipxact:tiedValue>1'b0</ipxact:tiedValue>
            <ipxact:portReferences>
                <ipxact:internalPortReference componentRef="gpio0" portRef="gpio_i"/>
            </ipxact:portReferences>
        </ipxact:adHocConnection>
        <ipxact:adHocConnection>
            <ipxact:name>gpio0.gpio_o</ipxact:name>
            <ipxact:tiedValue>open</ipxact:tiedValue>
            <ipxact:portReferences>
                <ipxact:internalPortReference componentRef="gpio0" portRef="gpio_o"/>
            </ipxact:portReferences>
        </ipxact:adHocConnection>
        <ipxact:adHocConnection>
            <ipxact:name>gpio0.gpio_en_o</ipxact:name>
            <ipxact:tiedValue>open</ipxact:tiedValue>
            <ipxact:portReferences>
                <ipxact:internalPortReference componentRef="gpio0" portRef="gpio_en_o"/>
            </ipxact:portReferences>
        </ipxact:adHocConnection>
        <ipxact:adHocConnection>
            <ipxact:name>gpio0.clk_i</ipxact:name>
            <ipxact:portReferences>
                <ipxact:internalPortReference componentRef="gpio0" portRef="clk_i"/>
                <ipxact:externalPortReference portRef="clk_i"/>
            </ipxact:portReferences>
        </ipxact:adHocConnection>
        <ipxact:adHocConnection>
            <ipxact:name>gpio0.resetn_i</ipxact:name>
            <ipxact:portReferences>
                <ipxact:internalPortReference componentRef="gpio0" portRef="resetn_i"/>
                <ipxact:externalPortReference portRef="resetn_i"/>
            </ipxact:portReferences>
        </ipxact:adHocConnection>
        <ipxact:adHocConnection>
            <ipxact:name>gpio0.lmmi_request_i</ipxact:name>
            <ipxact:tiedValue>1'b0</ipxact:tiedValue>
            <ipxact:portReferences>
                <ipxact:internalPortReference componentRef="gpio0" portRef="lmmi_request_i"/>
            </ipxact:portReferences>
        </ipxact:adHocConnection>
        <ipxact:adHocConnection>
            <ipxact:name>gpio0.lmmi_wr_rdn_i</ipxact:name>
            <ipxact:tiedValue>1'b0</ipxact:tiedValue>
            <ipxact:portReferences>
                <ipxact:internalPortReference componentRef="gpio0" portRef="lmmi_wr_rdn_i"/>
            </ipxact:portReferences>
        </ipxact:adHocConnection>
        <ipxact:adHocConnection>
            <ipxact:name>gpio0.lmmi_offset_i</ipxact:name>
            <ipxact:tiedValue>1'b0</ipxact:tiedValue>
            <ipxact:portReferences>
                <ipxact:internalPortReference componentRef="gpio0" portRef="lmmi_offset_i"/>
            </ipxact:portReferences>
        </ipxact:adHocConnection>
        <ipxact:adHocConnection>
            <ipxact:name>gpio0.lmmi_wdata_i</ipxact:name>
            <ipxact:tiedValue>1'b0</ipxact:tiedValue>
            <ipxact:portReferences>
                <ipxact:internalPortReference componentRef="gpio0" portRef="lmmi_wdata_i"/>
            </ipxact:portReferences>
        </ipxact:adHocConnection>
        <ipxact:adHocConnection>
            <ipxact:name>gpio0.lmmi_rdata_o</ipxact:name>
            <ipxact:tiedValue>open</ipxact:tiedValue>
            <ipxact:portReferences>
                <ipxact:internalPortReference componentRef="gpio0" portRef="lmmi_rdata_o"/>
            </ipxact:portReferences>
        </ipxact:adHocConnection>
        <ipxact:adHocConnection>
            <ipxact:name>gpio0.lmmi_rdata_valid_o</ipxact:name>
            <ipxact:tiedValue>open</ipxact:tiedValue>
            <ipxact:portReferences>
                <ipxact:internalPortReference componentRef="gpio0" portRef="lmmi_rdata_valid_o"/>
            </ipxact:portReferences>
        </ipxact:adHocConnection>
        <ipxact:adHocConnection>
            <ipxact:name>gpio0.lmmi_ready_o</ipxact:name>
            <ipxact:tiedValue>open</ipxact:tiedValue>
            <ipxact:portReferences>
                <ipxact:internalPortReference componentRef="gpio0" portRef="lmmi_ready_o"/>
            </ipxact:portReferences>
        </ipxact:adHocConnection>
        <ipxact:adHocConnection>
            <ipxact:name>gpio0.apb_penable_i</ipxact:name>
            <ipxact:portReferences>
                <ipxact:internalPortReference componentRef="gpio0" portRef="apb_penable_i"/>
                <ipxact:externalPortReference portRef="apb_penable_i"/>
            </ipxact:portReferences>
        </ipxact:adHocConnection>
        <ipxact:adHocConnection>
            <ipxact:name>gpio0.apb_psel_i</ipxact:name>
            <ipxact:portReferences>
                <ipxact:internalPortReference componentRef="gpio0" portRef="apb_psel_i"/>
                <ipxact:externalPortReference portRef="apb_psel_i"/>
            </ipxact:portReferences>
        </ipxact:adHocConnection>
        <ipxact:adHocConnection>
            <ipxact:name>gpio0.apb_pwrite_i</ipxact:name>
            <ipxact:portReferences>
                <ipxact:internalPortReference componentRef="gpio0" portRef="apb_pwrite_i"/>
                <ipxact:externalPortReference portRef="apb_pwrite_i"/>
            </ipxact:portReferences>
        </ipxact:adHocConnection>
        <ipxact:adHocConnection>
            <ipxact:name>gpio0.apb_paddr_i</ipxact:name>
            <ipxact:portReferences>
                <ipxact:internalPortReference componentRef="gpio0" portRef="apb_paddr_i"/>
                <ipxact:externalPortReference portRef="apb_paddr_i">
                    <ipxact:partSelect>
                        <ipxact:range>
                            <ipxact:left>5</ipxact:left>
                            <ipxact:right>0</ipxact:right>
                        </ipxact:range>
                    </ipxact:partSelect>
                </ipxact:externalPortReference>
            </ipxact:portReferences>
        </ipxact:adHocConnection>
        <ipxact:adHocConnection>
            <ipxact:name>gpio0.apb_pwdata_i</ipxact:name>
            <ipxact:portReferences>
                <ipxact:internalPortReference componentRef="gpio0" portRef="apb_pwdata_i"/>
                <ipxact:externalPortReference portRef="apb_pwdata_i">
                    <ipxact:partSelect>
                        <ipxact:range>
                            <ipxact:left>31</ipxact:left>
                            <ipxact:right>0</ipxact:right>
                        </ipxact:range>
                    </ipxact:partSelect>
                </ipxact:externalPortReference>
            </ipxact:portReferences>
        </ipxact:adHocConnection>
        <ipxact:adHocConnection>
            <ipxact:name>gpio0.apb_prdata_o</ipxact:name>
            <ipxact:portReferences>
                <ipxact:internalPortReference componentRef="gpio0" portRef="apb_prdata_o"/>
                <ipxact:externalPortReference portRef="apb_prdata_o">
                    <ipxact:partSelect>
                        <ipxact:range>
                            <ipxact:left>31</ipxact:left>
                            <ipxact:right>0</ipxact:right>
                        </ipxact:range>
                    </ipxact:partSelect>
                </ipxact:externalPortReference>
            </ipxact:portReferences>
        </ipxact:adHocConnection>
        <ipxact:adHocConnection>
            <ipxact:name>gpio0.apb_pslverr_o</ipxact:name>
            <ipxact:portReferences>
                <ipxact:internalPortReference componentRef="gpio0" portRef="apb_pslverr_o"/>
                <ipxact:externalPortReference portRef="apb_pslverr_o"/>
            </ipxact:portReferences>
        </ipxact:adHocConnection>
        <ipxact:adHocConnection>
            <ipxact:name>gpio0.apb_pready_o</ipxact:name>
            <ipxact:portReferences>
                <ipxact:internalPortReference componentRef="gpio0" portRef="apb_pready_o"/>
                <ipxact:externalPortReference portRef="apb_pready_o"/>
            </ipxact:portReferences>
        </ipxact:adHocConnection>
        <ipxact:adHocConnection>
            <ipxact:name>gpio0.int_o</ipxact:name>
            <ipxact:portReferences>
                <ipxact:internalPortReference componentRef="gpio0" portRef="int_o"/>
                <ipxact:externalPortReference portRef="int_o"/>
            </ipxact:portReferences>
        </ipxact:adHocConnection>
    </ipxact:adHocConnections>
</ipxact:design>
