<?xml version="1.0" ?>
<ipxact:component xmlns:ipxact="http://www.accellera.org/XMLSchema/IPXACT/1685-2014" xmlns:lattice="http://www.latticesemi.com/lattice" xmlns:lsccip="http://www.latticesemi.com/XMLSchema/Radiant/ip">
    <ipxact:vendor>latticesemi.com</ipxact:vendor>
    <ipxact:library>module</ipxact:library>
    <ipxact:name>pll0</ipxact:name>
    <ipxact:version>1.9.1</ipxact:version>
    <ipxact:model>
        <ipxact:instantiations>
            <ipxact:componentInstantiation>
                <ipxact:name>pll0</ipxact:name>
            </ipxact:componentInstantiation>
            <ipxact:designInstantiation>
                <ipxact:name>pll0_design</ipxact:name>
                <ipxact:designRef library="module" name="pll0" vendor="latticesemi.com" version="1.9.1"/>
            </ipxact:designInstantiation>
        </ipxact:instantiations>
        <ipxact:ports>
            <ipxact:port>
                <ipxact:name>clki_i</ipxact:name>
                <ipxact:displayName>clki_i</ipxact:displayName>
                <ipxact:wire>
                    <ipxact:direction>in</ipxact:direction>
                </ipxact:wire>
            </ipxact:port>
            <ipxact:port>
                <ipxact:name>rstn_i</ipxact:name>
                <ipxact:displayName>rstn_i</ipxact:displayName>
                <ipxact:wire>
                    <ipxact:direction>in</ipxact:direction>
                </ipxact:wire>
            </ipxact:port>
            <ipxact:port>
                <ipxact:name>clkop_o</ipxact:name>
                <ipxact:displayName>clkop_o</ipxact:displayName>
                <ipxact:wire>
                    <ipxact:direction>out</ipxact:direction>
                </ipxact:wire>
                <ipxact:vendorExtensions>
                    <lsccip:clockParam>CLKOP_FREQ_ACTUAL</lsccip:clockParam>
                </ipxact:vendorExtensions>
            </ipxact:port>
            <ipxact:port>
                <ipxact:name>clkos_o</ipxact:name>
                <ipxact:displayName>clkos_o</ipxact:displayName>
                <ipxact:wire>
                    <ipxact:direction>out</ipxact:direction>
                </ipxact:wire>
                <ipxact:vendorExtensions>
                    <lsccip:clockParam>CLKOS_FREQ_ACTUAL</lsccip:clockParam>
                </ipxact:vendorExtensions>
            </ipxact:port>
            <ipxact:port>
                <ipxact:name>clkos4_o</ipxact:name>
                <ipxact:displayName>clkos4_o</ipxact:displayName>
                <ipxact:wire>
                    <ipxact:direction>out</ipxact:direction>
                </ipxact:wire>
                <ipxact:vendorExtensions>
                    <lsccip:clockParam>CLKOS4_FREQ_ACTUAL</lsccip:clockParam>
                </ipxact:vendorExtensions>
            </ipxact:port>
            <ipxact:port>
                <ipxact:name>lock_o</ipxact:name>
                <ipxact:displayName>lock_o</ipxact:displayName>
                <ipxact:wire>
                    <ipxact:direction>out</ipxact:direction>
                </ipxact:wire>
            </ipxact:port>
        </ipxact:ports>
    </ipxact:model>
    <ipxact:fileSets>
        <ipxact:fileSet>
            <ipxact:name>ipx_file_list</ipxact:name>
            <ipxact:file>
                <ipxact:name>rtl/pll0_bb.v</ipxact:name>
                <ipxact:fileType user="black_box_verilog">user</ipxact:fileType>
            </ipxact:file>
            <ipxact:file>
                <ipxact:name>pll0.cfg</ipxact:name>
                <ipxact:fileType user="cfg">user</ipxact:fileType>
            </ipxact:file>
            <ipxact:file>
                <ipxact:name>misc/pll0_tmpl.v</ipxact:name>
                <ipxact:fileType user="template_verilog">user</ipxact:fileType>
            </ipxact:file>
            <ipxact:file>
                <ipxact:name>misc/pll0_tmpl.vhd</ipxact:name>
                <ipxact:fileType user="template_vhdl">user</ipxact:fileType>
            </ipxact:file>
            <ipxact:file>
                <ipxact:name>rtl/pll0.v</ipxact:name>
                <ipxact:fileType user="top_level_verilog">user</ipxact:fileType>
            </ipxact:file>
            <ipxact:file>
                <ipxact:name>constraints/pll0.ldc</ipxact:name>
                <ipxact:fileType user="timing_constraints">user</ipxact:fileType>
            </ipxact:file>
            <ipxact:file>
                <ipxact:name>testbench/dut_params.v</ipxact:name>
                <ipxact:fileType user="dependency_file">user</ipxact:fileType>
            </ipxact:file>
            <ipxact:file>
                <ipxact:name>testbench/dut_inst.v</ipxact:name>
                <ipxact:fileType user="dependency_file">user</ipxact:fileType>
            </ipxact:file>
            <ipxact:file>
                <ipxact:name>design.xml</ipxact:name>
                <ipxact:fileType user="IP-XACT_design">user</ipxact:fileType>
            </ipxact:file>
            <ipxact:file>
                <ipxact:name>testbench/gpll_cfg_upd.py</ipxact:name>
                <ipxact:fileType user="testbench">user</ipxact:fileType>
            </ipxact:file>
            <ipxact:file>
                <ipxact:name>testbench/tb_top.v</ipxact:name>
                <ipxact:fileType user="testbench_verilog">user</ipxact:fileType>
            </ipxact:file>
        </ipxact:fileSet>
    </ipxact:fileSets>
    <ipxact:vendorExtensions>
        <lsccip:moduleRef lsccip:display_name="PLL" lsccip:display_vendor="latticesemi.com" lsccip:library="module" lsccip:name="pll" lsccip:vendor="latticesemi.com" lsccip:version="1.9.1"/>
        <lsccip:deviceInfo>
            <lsccip:device>LFCPNX-100</lsccip:device>
            <lsccip:device_int>jd5d80</lsccip:device_int>
            <lsccip:package>BBG484</lsccip:package>
            <lsccip:package_int>BBG484</lsccip:package_int>
            <lsccip:performanceGrade>8_High-Performance_1.0V</lsccip:performanceGrade>
            <lsccip:speed_int>11</lsccip:speed_int>
            <lsccip:operation>Commercial</lsccip:operation>
            <lsccip:family>LFCPNX</lsccip:family>
            <lsccip:architecture>jd5d00</lsccip:architecture>
            <lsccip:partnumber>LFCPNX-100-8BBG484C</lsccip:partnumber>
        </lsccip:deviceInfo>
        <lsccip:generationInfo>
            <lsccip:fileVersion>20180929</lsccip:fileVersion>
            <lsccip:createdTimestamp>2025 11 21 12:15:01</lsccip:createdTimestamp>
            <lsccip:radiantBuild>&quot;Lattice Propel&quot; (64-bit) 2025.1.0.2509231446_sp1</lsccip:radiantBuild>
        </lsccip:generationInfo>
    </ipxact:vendorExtensions>
</ipxact:component>
