<?xml version='1.0' encoding= 'utf-8'?>
<lattice:systemEnv xmlns:ipxact="http://www.accellera.org/XMLSchema/IPXACT/1685-2014" xmlns:lattice="http://www.latticesemi.com/lattice">
   <lattice:sysid>0</lattice:sysid>
   <lattice:system>
      <lattice:general>
         <lattice:version>2024.1</lattice:version>
         <lattice:vendor>lattice</lattice:vendor>
         <lattice:name>mas_soc_hw</lattice:name>
         <lattice:library>Propel</lattice:library>
         <lattice:deviceFamily>LFCPNX</lattice:deviceFamily>
         <lattice:bspLocation>bsp</lattice:bspLocation>
         <lattice:yamlLocation>cpu0.yaml</lattice:yamlLocation>
         <lattice:svdLocation>soc_svd/mas_soc_hw.svd</lattice:svdLocation>
         <lattice:projectType>C</lattice:projectType>
         <lattice:templateName>RISC-V MC SoC Project</lattice:templateName>
      </lattice:general>
      <lattice:ipInstances>
         <lattice:ipInstance>
            <lattice:instanceName library="ip" name="riscv_mc" vendor="latticesemi.com" version="2.6.0">cpu0_inst</lattice:instanceName>
            <ipxact:addressSpaces>
               <ipxact:addressSpace>
                  <ipxact:name>riscv_ahbl_m_data_Address_Space</ipxact:name>
                  <ipxact:range>4294967296</ipxact:range>
                  <ipxact:width>32</ipxact:width>
                  <ipxact:segments>
                     <ipxact:segment>
                        <ipxact:name>mas_soc_hw_gpio0_inst_gpio_mem_map</ipxact:name>
                        <ipxact:displayName>mas_soc_hw/gpio0_inst/gpio_mem_map</ipxact:displayName>
                        <ipxact:addressOffset>0x10400</ipxact:addressOffset>
                        <ipxact:range>0x400</ipxact:range>
                     </ipxact:segment>
                     <ipxact:segment>
                        <ipxact:name>mas_soc_hw_sysmem0_inst_ahbl_slv1_model_mem_map</ipxact:name>
                        <ipxact:displayName>mas_soc_hw/sysmem0_inst/ahbl_slv1_model_mem_map</ipxact:displayName>
                        <ipxact:addressOffset>0x0</ipxact:addressOffset>
                        <ipxact:range>0x10000</ipxact:range>
                     </ipxact:segment>
                     <ipxact:segment>
                        <ipxact:name>mas_soc_hw_uart0_inst_uart_mem_map</ipxact:name>
                        <ipxact:displayName>mas_soc_hw/uart0_inst/uart_mem_map</ipxact:displayName>
                        <ipxact:addressOffset>0x10000</ipxact:addressOffset>
                        <ipxact:range>0x400</ipxact:range>
                     </ipxact:segment>
                  </ipxact:segments>
                  <ipxact:localMemoryMap>
                     <ipxact:name>pic_timer_mem_map</ipxact:name>
                     <ipxact:description>AHB-Lite PIC and Timer memory map</ipxact:description>
                     <ipxact:addressBlock>
                        <ipxact:name>pic_timer_registers</ipxact:name>
                        <ipxact:displayName>PIC_Timer_Registers</ipxact:displayName>
                        <ipxact:description>PIC Timer Registers</ipxact:description>
                        <ipxact:baseAddress>0xffff0000</ipxact:baseAddress>
                        <ipxact:range>0x800</ipxact:range>
                        <ipxact:width>32</ipxact:width>
                     </ipxact:addressBlock>
                  </ipxact:localMemoryMap>
               </ipxact:addressSpace>
               <ipxact:addressSpace>
                  <ipxact:name>riscv_ahbl_m_instr_Address_Space</ipxact:name>
                  <ipxact:range>4294967296</ipxact:range>
                  <ipxact:width>32</ipxact:width>
                  <ipxact:segments>
                     <ipxact:segment>
                        <ipxact:name>mas_soc_hw_sysmem0_inst_ahbl_slv0_model_mem_map</ipxact:name>
                        <ipxact:displayName>mas_soc_hw/sysmem0_inst/ahbl_slv0_model_mem_map</ipxact:displayName>
                        <ipxact:addressOffset>0x0</ipxact:addressOffset>
                        <ipxact:range>0x10000</ipxact:range>
                     </ipxact:segment>
                  </ipxact:segments>
               </ipxact:addressSpace>
            </ipxact:addressSpaces>
            <lattice:configurableParameters>
               <lattice:configurableParameter>
                  <lattice:name sequence_id="0">SIMULATION</lattice:name>
                  <lattice:value>False</lattice:value>
               </lattice:configurableParameter>
               <lattice:configurableParameter>
                  <lattice:name sequence_id="0">CFU_EN</lattice:name>
                  <lattice:value>False</lattice:value>
               </lattice:configurableParameter>
               <lattice:configurableParameter>
                  <lattice:name sequence_id="0">DEBUG_ENABLE</lattice:name>
                  <lattice:value>True</lattice:value>
               </lattice:configurableParameter>
               <lattice:configurableParameter>
                  <lattice:name sequence_id="0">SOFT_JTAG</lattice:name>
                  <lattice:value>False</lattice:value>
               </lattice:configurableParameter>
               <lattice:configurableParameter>
                  <lattice:name sequence_id="0">HW_WATCHPOINT</lattice:name>
                  <lattice:value>0</lattice:value>
               </lattice:configurableParameter>
               <lattice:configurableParameter>
                  <lattice:name sequence_id="0">CACHE_ENABLE</lattice:name>
                  <lattice:value>False</lattice:value>
               </lattice:configurableParameter>
               <lattice:configurableParameter>
                  <lattice:name sequence_id="0">CACHE_ENV</lattice:name>
                  <lattice:value>True</lattice:value>
               </lattice:configurableParameter>
               <lattice:configurableParameter>
                  <lattice:name sequence_id="0">ICACHE_ENABLE</lattice:name>
                  <lattice:value>False</lattice:value>
               </lattice:configurableParameter>
               <lattice:configurableParameter>
                  <lattice:name sequence_id="0">DCACHE_ENABLE</lattice:name>
                  <lattice:value>False</lattice:value>
               </lattice:configurableParameter>
               <lattice:configurableParameter>
                  <lattice:name sequence_id="0">ICACHE_RANGE_LOW</lattice:name>
                  <lattice:value>0xFFFFFFFF</lattice:value>
               </lattice:configurableParameter>
               <lattice:configurableParameter>
                  <lattice:name sequence_id="0">ICACHE_RANGE_HIGH</lattice:name>
                  <lattice:value>0x00000000</lattice:value>
               </lattice:configurableParameter>
               <lattice:configurableParameter>
                  <lattice:name sequence_id="0">DCACHE_RANGE_LOW</lattice:name>
                  <lattice:value>0xFFFFFFFF</lattice:value>
               </lattice:configurableParameter>
               <lattice:configurableParameter>
                  <lattice:name sequence_id="0">DCACHE_RANGE_HIGH</lattice:name>
                  <lattice:value>0x00000000</lattice:value>
               </lattice:configurableParameter>
               <lattice:configurableParameter>
                  <lattice:name sequence_id="0">C_STANDALONE</lattice:name>
                  <lattice:value>True</lattice:value>
               </lattice:configurableParameter>
               <lattice:configurableParameter>
                  <lattice:name sequence_id="0">M_STANDALONE</lattice:name>
                  <lattice:value>True</lattice:value>
               </lattice:configurableParameter>
               <lattice:configurableParameter>
                  <lattice:name sequence_id="0">CFU_N_CFUS</lattice:name>
                  <lattice:value>1</lattice:value>
               </lattice:configurableParameter>
               <lattice:configurableParameter>
                  <lattice:name sequence_id="0">C_EXT</lattice:name>
                  <lattice:value>True</lattice:value>
               </lattice:configurableParameter>
               <lattice:configurableParameter>
                  <lattice:name sequence_id="0">M_EXT</lattice:name>
                  <lattice:value>True</lattice:value>
               </lattice:configurableParameter>
               <lattice:configurableParameter>
                  <lattice:name sequence_id="0">PIC_ENABLE</lattice:name>
                  <lattice:value>True</lattice:value>
               </lattice:configurableParameter>
               <lattice:configurableParameter>
                  <lattice:name sequence_id="0">TIMER_ENABLE</lattice:name>
                  <lattice:value>True</lattice:value>
               </lattice:configurableParameter>
               <lattice:configurableParameter>
                  <lattice:name sequence_id="0">PICTIMER_START_ADDR</lattice:name>
                  <lattice:value>0xFFFF0000</lattice:value>
               </lattice:configurableParameter>
               <lattice:configurableParameter>
                  <lattice:name sequence_id="0">IRQ_NUM</lattice:name>
                  <lattice:value>2</lattice:value>
               </lattice:configurableParameter>
               <lattice:configurableParameter>
                  <lattice:name sequence_id="0">DEVICE</lattice:name>
                  <lattice:value>LFCPNX</lattice:value>
               </lattice:configurableParameter>
               <lattice:configurableParameter>
                  <lattice:name sequence_id="0">JTAG_CHANNEL</lattice:name>
                  <lattice:value>14</lattice:value>
               </lattice:configurableParameter>
            </lattice:configurableParameters>
            <lattice:driverVersion>2.5.0</lattice:driverVersion>
         </lattice:ipInstance>
         <lattice:ipInstance>
            <lattice:instanceName library="ip" name="gpio" vendor="latticesemi.com" version="1.6.2">gpio0_inst</lattice:instanceName>
            <ipxact:memoryMaps>
               <ipxact:memoryMap>
                  <ipxact:name>gpio_mem_map</ipxact:name>
                  <ipxact:description>GPIO memory map</ipxact:description>
                  <ipxact:addressBlock>
                     <ipxact:name>GPIO_Registers</ipxact:name>
                     <ipxact:baseAddress>0x10400</ipxact:baseAddress>
                     <ipxact:range>0x400</ipxact:range>
                     <ipxact:width>32</ipxact:width>
                  </ipxact:addressBlock>
               </ipxact:memoryMap>
            </ipxact:memoryMaps>
            <lattice:configurableParameters>
               <lattice:configurableParameter>
                  <lattice:name sequence_id="1">LINES_NUM</lattice:name>
                  <lattice:value>8</lattice:value>
               </lattice:configurableParameter>
               <lattice:configurableParameter>
                  <lattice:name sequence_id="2">GPIO_DIRS</lattice:name>
                  <lattice:value>0x000000FF</lattice:value>
               </lattice:configurableParameter>
            </lattice:configurableParameters>
            <lattice:structName>gpio_instance</lattice:structName>
            <lattice:initName>gpio_init</lattice:initName>
            <lattice:headerFile>gpio.h</lattice:headerFile>
            <lattice:interruptPort>IRQ_S1</lattice:interruptPort>
            <lattice:driverVersion>1.6.2</lattice:driverVersion>
         </lattice:ipInstance>
         <lattice:ipInstance>
            <lattice:instanceName library="ip" name="system_memory" vendor="latticesemi.com" version="2.2.0">sysmem0_inst</lattice:instanceName>
            <ipxact:memoryMaps>
               <ipxact:memoryMap>
                  <ipxact:name>ahbl_slv0_model_mem_map</ipxact:name>
                  <ipxact:description>AHB-Lite Slave Model memory map</ipxact:description>
                  <ipxact:addressBlock>
                     <ipxact:name>memory</ipxact:name>
                     <ipxact:displayName>memory</ipxact:displayName>
                     <ipxact:description>Memory Block</ipxact:description>
                     <ipxact:baseAddress>0x0</ipxact:baseAddress>
                     <ipxact:range>0x10000</ipxact:range>
                     <ipxact:width>32</ipxact:width>
                     <ipxact:usage>memory</ipxact:usage>
                  </ipxact:addressBlock>
               </ipxact:memoryMap>
               <ipxact:memoryMap>
                  <ipxact:name>ahbl_slv1_model_mem_map</ipxact:name>
                  <ipxact:description>AHB-Lite Slave Model memory map</ipxact:description>
                  <ipxact:addressBlock>
                     <ipxact:name>memory</ipxact:name>
                     <ipxact:displayName>memory</ipxact:displayName>
                     <ipxact:description>Memory Block</ipxact:description>
                     <ipxact:baseAddress>0x0</ipxact:baseAddress>
                     <ipxact:range>0x10000</ipxact:range>
                     <ipxact:width>32</ipxact:width>
                     <ipxact:usage>memory</ipxact:usage>
                  </ipxact:addressBlock>
               </ipxact:memoryMap>
            </ipxact:memoryMaps>
            <lattice:configurableParameters>
               <lattice:configurableParameter>
                  <lattice:name sequence_id="0">FAMILY</lattice:name>
                  <lattice:value>LFCPNX</lattice:value>
               </lattice:configurableParameter>
               <lattice:configurableParameter>
                  <lattice:name sequence_id="0">TT_FAMILY</lattice:name>
                  <lattice:value>LIFCL</lattice:value>
               </lattice:configurableParameter>
               <lattice:configurableParameter>
                  <lattice:name sequence_id="0">DEVICE</lattice:name>
                  <lattice:value>LFCPNX-100</lattice:value>
               </lattice:configurableParameter>
               <lattice:configurableParameter>
                  <lattice:name sequence_id="0">INTERFACE</lattice:name>
                  <lattice:value>AHBL</lattice:value>
               </lattice:configurableParameter>
               <lattice:configurableParameter>
                  <lattice:name sequence_id="0">ADDR_DEPTH</lattice:name>
                  <lattice:value>16384</lattice:value>
               </lattice:configurableParameter>
               <lattice:configurableParameter>
                  <lattice:name sequence_id="0">MEM_ID</lattice:name>
                  <lattice:value>sysmem0</lattice:value>
               </lattice:configurableParameter>
               <lattice:configurableParameter>
                  <lattice:name sequence_id="0">MEM_SIZE</lattice:name>
                  <lattice:value>32,16384</lattice:value>
               </lattice:configurableParameter>
               <lattice:configurableParameter>
                  <lattice:name sequence_id="0">ADDR_WIDTH</lattice:name>
                  <lattice:value>14</lattice:value>
               </lattice:configurableParameter>
               <lattice:configurableParameter>
                  <lattice:name sequence_id="0">DATA_WIDTH</lattice:name>
                  <lattice:value>32</lattice:value>
               </lattice:configurableParameter>
               <lattice:configurableParameter>
                  <lattice:name sequence_id="0">MEMORY_TYPE</lattice:name>
                  <lattice:value>EBR</lattice:value>
               </lattice:configurableParameter>
               <lattice:configurableParameter>
                  <lattice:name sequence_id="0">PORT_COUNT</lattice:name>
                  <lattice:value>2</lattice:value>
               </lattice:configurableParameter>
               <lattice:configurableParameter>
                  <lattice:name sequence_id="0">ECC_ENABLE</lattice:name>
                  <lattice:value>False</lattice:value>
               </lattice:configurableParameter>
               <lattice:configurableParameter>
                  <lattice:name sequence_id="0">ARBITER_EN</lattice:name>
                  <lattice:value>False</lattice:value>
               </lattice:configurableParameter>
               <lattice:configurableParameter>
                  <lattice:name sequence_id="0">ID_WIDTH</lattice:name>
                  <lattice:value>4</lattice:value>
               </lattice:configurableParameter>
               <lattice:configurableParameter>
                  <lattice:name sequence_id="0">DATA_STREAMER_EN</lattice:name>
                  <lattice:value>False</lattice:value>
               </lattice:configurableParameter>
               <lattice:configurableParameter>
                  <lattice:name sequence_id="0">STREAMER_INTF</lattice:name>
                  <lattice:value>FIFO</lattice:value>
               </lattice:configurableParameter>
               <lattice:configurableParameter>
                  <lattice:name sequence_id="0">STREAMER_CLK_BYPASS</lattice:name>
                  <lattice:value>False</lattice:value>
               </lattice:configurableParameter>
               <lattice:configurableParameter>
                  <lattice:name sequence_id="0">STREAMER_START_ADDR</lattice:name>
                  <lattice:value>0</lattice:value>
               </lattice:configurableParameter>
               <lattice:configurableParameter>
                  <lattice:name sequence_id="0">INIT_MEM</lattice:name>
                  <lattice:value>False</lattice:value>
               </lattice:configurableParameter>
               <lattice:configurableParameter>
                  <lattice:name sequence_id="0">INIT_CHK</lattice:name>
                  <lattice:value>hex</lattice:value>
               </lattice:configurableParameter>
               <lattice:configurableParameter>
                  <lattice:name sequence_id="0">INIT_FILE_FORMAT</lattice:name>
                  <lattice:value>none</lattice:value>
               </lattice:configurableParameter>
               <lattice:configurableParameter>
                  <lattice:name sequence_id="0">INIT_FILE_IN</lattice:name>
                  <lattice:value>none</lattice:value>
               </lattice:configurableParameter>
               <lattice:configurableParameter>
                  <lattice:name sequence_id="0">INIT_FILE</lattice:name>
                  <lattice:value>none</lattice:value>
               </lattice:configurableParameter>
               <lattice:configurableParameter>
                  <lattice:name sequence_id="0">load_file</lattice:name>
                  <lattice:value>EBR</lattice:value>
               </lattice:configurableParameter>
               <lattice:configurableParameter>
                  <lattice:name sequence_id="0">INIT_VALUE_00</lattice:name>
                  <lattice:value>0</lattice:value>
               </lattice:configurableParameter>
               <lattice:configurableParameter>
                  <lattice:name sequence_id="0">INIT_VALUE_01</lattice:name>
                  <lattice:value>0</lattice:value>
               </lattice:configurableParameter>
               <lattice:configurableParameter>
                  <lattice:name sequence_id="0">INIT_VALUE_02</lattice:name>
                  <lattice:value>0</lattice:value>
               </lattice:configurableParameter>
               <lattice:configurableParameter>
                  <lattice:name sequence_id="0">INIT_VALUE_03</lattice:name>
                  <lattice:value>0</lattice:value>
               </lattice:configurableParameter>
               <lattice:configurableParameter>
                  <lattice:name sequence_id="0">INIT_VALUE_04</lattice:name>
                  <lattice:value>0</lattice:value>
               </lattice:configurableParameter>
               <lattice:configurableParameter>
                  <lattice:name sequence_id="0">INIT_VALUE_05</lattice:name>
                  <lattice:value>0</lattice:value>
               </lattice:configurableParameter>
               <lattice:configurableParameter>
                  <lattice:name sequence_id="0">INIT_VALUE_06</lattice:name>
                  <lattice:value>0</lattice:value>
               </lattice:configurableParameter>
               <lattice:configurableParameter>
                  <lattice:name sequence_id="0">INIT_VALUE_07</lattice:name>
                  <lattice:value>0</lattice:value>
               </lattice:configurableParameter>
               <lattice:configurableParameter>
                  <lattice:name sequence_id="0">INIT_VALUE_08</lattice:name>
                  <lattice:value>0</lattice:value>
               </lattice:configurableParameter>
               <lattice:configurableParameter>
                  <lattice:name sequence_id="0">INIT_VALUE_09</lattice:name>
                  <lattice:value>0</lattice:value>
               </lattice:configurableParameter>
               <lattice:configurableParameter>
                  <lattice:name sequence_id="0">INIT_VALUE_0A</lattice:name>
                  <lattice:value>0</lattice:value>
               </lattice:configurableParameter>
               <lattice:configurableParameter>
                  <lattice:name sequence_id="0">INIT_VALUE_0B</lattice:name>
                  <lattice:value>0</lattice:value>
               </lattice:configurableParameter>
               <lattice:configurableParameter>
                  <lattice:name sequence_id="0">INIT_VALUE_0C</lattice:name>
                  <lattice:value>0</lattice:value>
               </lattice:configurableParameter>
               <lattice:configurableParameter>
                  <lattice:name sequence_id="0">INIT_VALUE_0D</lattice:name>
                  <lattice:value>0</lattice:value>
               </lattice:configurableParameter>
               <lattice:configurableParameter>
                  <lattice:name sequence_id="0">INIT_VALUE_0E</lattice:name>
                  <lattice:value>0</lattice:value>
               </lattice:configurableParameter>
               <lattice:configurableParameter>
                  <lattice:name sequence_id="0">INIT_VALUE_0F</lattice:name>
                  <lattice:value>0</lattice:value>
               </lattice:configurableParameter>
               <lattice:configurableParameter>
                  <lattice:name sequence_id="0">INIT_VALUE_10</lattice:name>
                  <lattice:value>0</lattice:value>
               </lattice:configurableParameter>
               <lattice:configurableParameter>
                  <lattice:name sequence_id="0">INIT_VALUE_11</lattice:name>
                  <lattice:value>0</lattice:value>
               </lattice:configurableParameter>
               <lattice:configurableParameter>
                  <lattice:name sequence_id="0">INIT_VALUE_12</lattice:name>
                  <lattice:value>0</lattice:value>
               </lattice:configurableParameter>
               <lattice:configurableParameter>
                  <lattice:name sequence_id="0">INIT_VALUE_13</lattice:name>
                  <lattice:value>0</lattice:value>
               </lattice:configurableParameter>
               <lattice:configurableParameter>
                  <lattice:name sequence_id="0">INIT_VALUE_14</lattice:name>
                  <lattice:value>0</lattice:value>
               </lattice:configurableParameter>
               <lattice:configurableParameter>
                  <lattice:name sequence_id="0">INIT_VALUE_15</lattice:name>
                  <lattice:value>0</lattice:value>
               </lattice:configurableParameter>
               <lattice:configurableParameter>
                  <lattice:name sequence_id="0">INIT_VALUE_16</lattice:name>
                  <lattice:value>0</lattice:value>
               </lattice:configurableParameter>
               <lattice:configurableParameter>
                  <lattice:name sequence_id="0">INIT_VALUE_17</lattice:name>
                  <lattice:value>0</lattice:value>
               </lattice:configurableParameter>
               <lattice:configurableParameter>
                  <lattice:name sequence_id="0">INIT_VALUE_18</lattice:name>
                  <lattice:value>0</lattice:value>
               </lattice:configurableParameter>
               <lattice:configurableParameter>
                  <lattice:name sequence_id="0">INIT_VALUE_19</lattice:name>
                  <lattice:value>0</lattice:value>
               </lattice:configurableParameter>
               <lattice:configurableParameter>
                  <lattice:name sequence_id="0">INIT_VALUE_1A</lattice:name>
                  <lattice:value>0</lattice:value>
               </lattice:configurableParameter>
               <lattice:configurableParameter>
                  <lattice:name sequence_id="0">INIT_VALUE_1B</lattice:name>
                  <lattice:value>0</lattice:value>
               </lattice:configurableParameter>
               <lattice:configurableParameter>
                  <lattice:name sequence_id="0">INIT_VALUE_1C</lattice:name>
                  <lattice:value>0</lattice:value>
               </lattice:configurableParameter>
               <lattice:configurableParameter>
                  <lattice:name sequence_id="0">INIT_VALUE_1D</lattice:name>
                  <lattice:value>0</lattice:value>
               </lattice:configurableParameter>
               <lattice:configurableParameter>
                  <lattice:name sequence_id="0">INIT_VALUE_1E</lattice:name>
                  <lattice:value>0</lattice:value>
               </lattice:configurableParameter>
               <lattice:configurableParameter>
                  <lattice:name sequence_id="0">INIT_VALUE_1F</lattice:name>
                  <lattice:value>0</lattice:value>
               </lattice:configurableParameter>
               <lattice:configurableParameter>
                  <lattice:name sequence_id="0">INIT_VALUE_20</lattice:name>
                  <lattice:value>0</lattice:value>
               </lattice:configurableParameter>
               <lattice:configurableParameter>
                  <lattice:name sequence_id="0">INIT_VALUE_21</lattice:name>
                  <lattice:value>0</lattice:value>
               </lattice:configurableParameter>
               <lattice:configurableParameter>
                  <lattice:name sequence_id="0">INIT_VALUE_22</lattice:name>
                  <lattice:value>0</lattice:value>
               </lattice:configurableParameter>
               <lattice:configurableParameter>
                  <lattice:name sequence_id="0">INIT_VALUE_23</lattice:name>
                  <lattice:value>0</lattice:value>
               </lattice:configurableParameter>
               <lattice:configurableParameter>
                  <lattice:name sequence_id="0">INIT_VALUE_24</lattice:name>
                  <lattice:value>0</lattice:value>
               </lattice:configurableParameter>
               <lattice:configurableParameter>
                  <lattice:name sequence_id="0">INIT_VALUE_25</lattice:name>
                  <lattice:value>0</lattice:value>
               </lattice:configurableParameter>
               <lattice:configurableParameter>
                  <lattice:name sequence_id="0">INIT_VALUE_26</lattice:name>
                  <lattice:value>0</lattice:value>
               </lattice:configurableParameter>
               <lattice:configurableParameter>
                  <lattice:name sequence_id="0">INIT_VALUE_27</lattice:name>
                  <lattice:value>0</lattice:value>
               </lattice:configurableParameter>
               <lattice:configurableParameter>
                  <lattice:name sequence_id="0">INIT_VALUE_28</lattice:name>
                  <lattice:value>0</lattice:value>
               </lattice:configurableParameter>
               <lattice:configurableParameter>
                  <lattice:name sequence_id="0">INIT_VALUE_29</lattice:name>
                  <lattice:value>0</lattice:value>
               </lattice:configurableParameter>
               <lattice:configurableParameter>
                  <lattice:name sequence_id="0">INIT_VALUE_2A</lattice:name>
                  <lattice:value>0</lattice:value>
               </lattice:configurableParameter>
               <lattice:configurableParameter>
                  <lattice:name sequence_id="0">INIT_VALUE_2B</lattice:name>
                  <lattice:value>0</lattice:value>
               </lattice:configurableParameter>
               <lattice:configurableParameter>
                  <lattice:name sequence_id="0">INIT_VALUE_2C</lattice:name>
                  <lattice:value>0</lattice:value>
               </lattice:configurableParameter>
               <lattice:configurableParameter>
                  <lattice:name sequence_id="0">INIT_VALUE_2D</lattice:name>
                  <lattice:value>0</lattice:value>
               </lattice:configurableParameter>
               <lattice:configurableParameter>
                  <lattice:name sequence_id="0">INIT_VALUE_2E</lattice:name>
                  <lattice:value>0</lattice:value>
               </lattice:configurableParameter>
               <lattice:configurableParameter>
                  <lattice:name sequence_id="0">INIT_VALUE_2F</lattice:name>
                  <lattice:value>0</lattice:value>
               </lattice:configurableParameter>
               <lattice:configurableParameter>
                  <lattice:name sequence_id="0">INIT_VALUE_30</lattice:name>
                  <lattice:value>0</lattice:value>
               </lattice:configurableParameter>
               <lattice:configurableParameter>
                  <lattice:name sequence_id="0">INIT_VALUE_31</lattice:name>
                  <lattice:value>0</lattice:value>
               </lattice:configurableParameter>
               <lattice:configurableParameter>
                  <lattice:name sequence_id="0">INIT_VALUE_32</lattice:name>
                  <lattice:value>0</lattice:value>
               </lattice:configurableParameter>
               <lattice:configurableParameter>
                  <lattice:name sequence_id="0">INIT_VALUE_33</lattice:name>
                  <lattice:value>0</lattice:value>
               </lattice:configurableParameter>
               <lattice:configurableParameter>
                  <lattice:name sequence_id="0">INIT_VALUE_34</lattice:name>
                  <lattice:value>0</lattice:value>
               </lattice:configurableParameter>
               <lattice:configurableParameter>
                  <lattice:name sequence_id="0">INIT_VALUE_35</lattice:name>
                  <lattice:value>0</lattice:value>
               </lattice:configurableParameter>
               <lattice:configurableParameter>
                  <lattice:name sequence_id="0">INIT_VALUE_36</lattice:name>
                  <lattice:value>0</lattice:value>
               </lattice:configurableParameter>
               <lattice:configurableParameter>
                  <lattice:name sequence_id="0">INIT_VALUE_37</lattice:name>
                  <lattice:value>0</lattice:value>
               </lattice:configurableParameter>
               <lattice:configurableParameter>
                  <lattice:name sequence_id="0">INIT_VALUE_38</lattice:name>
                  <lattice:value>0</lattice:value>
               </lattice:configurableParameter>
               <lattice:configurableParameter>
                  <lattice:name sequence_id="0">INIT_VALUE_39</lattice:name>
                  <lattice:value>0</lattice:value>
               </lattice:configurableParameter>
               <lattice:configurableParameter>
                  <lattice:name sequence_id="0">INIT_VALUE_3A</lattice:name>
                  <lattice:value>0</lattice:value>
               </lattice:configurableParameter>
               <lattice:configurableParameter>
                  <lattice:name sequence_id="0">INIT_VALUE_3B</lattice:name>
                  <lattice:value>0</lattice:value>
               </lattice:configurableParameter>
               <lattice:configurableParameter>
                  <lattice:name sequence_id="0">INIT_VALUE_3C</lattice:name>
                  <lattice:value>0</lattice:value>
               </lattice:configurableParameter>
               <lattice:configurableParameter>
                  <lattice:name sequence_id="0">INIT_VALUE_3D</lattice:name>
                  <lattice:value>0</lattice:value>
               </lattice:configurableParameter>
               <lattice:configurableParameter>
                  <lattice:name sequence_id="0">INIT_VALUE_3E</lattice:name>
                  <lattice:value>0</lattice:value>
               </lattice:configurableParameter>
               <lattice:configurableParameter>
                  <lattice:name sequence_id="0">INIT_VALUE_3F</lattice:name>
                  <lattice:value>0</lattice:value>
               </lattice:configurableParameter>
               <lattice:configurableParameter>
                  <lattice:name sequence_id="0">INIT_VALUE_40</lattice:name>
                  <lattice:value>0</lattice:value>
               </lattice:configurableParameter>
               <lattice:configurableParameter>
                  <lattice:name sequence_id="0">INIT_VALUE_41</lattice:name>
                  <lattice:value>0</lattice:value>
               </lattice:configurableParameter>
               <lattice:configurableParameter>
                  <lattice:name sequence_id="0">INIT_VALUE_42</lattice:name>
                  <lattice:value>0</lattice:value>
               </lattice:configurableParameter>
               <lattice:configurableParameter>
                  <lattice:name sequence_id="0">INIT_VALUE_43</lattice:name>
                  <lattice:value>0</lattice:value>
               </lattice:configurableParameter>
               <lattice:configurableParameter>
                  <lattice:name sequence_id="0">INIT_VALUE_44</lattice:name>
                  <lattice:value>0</lattice:value>
               </lattice:configurableParameter>
               <lattice:configurableParameter>
                  <lattice:name sequence_id="0">INIT_VALUE_45</lattice:name>
                  <lattice:value>0</lattice:value>
               </lattice:configurableParameter>
               <lattice:configurableParameter>
                  <lattice:name sequence_id="0">INIT_VALUE_46</lattice:name>
                  <lattice:value>0</lattice:value>
               </lattice:configurableParameter>
               <lattice:configurableParameter>
                  <lattice:name sequence_id="0">INIT_VALUE_47</lattice:name>
                  <lattice:value>0</lattice:value>
               </lattice:configurableParameter>
               <lattice:configurableParameter>
                  <lattice:name sequence_id="0">INIT_VALUE_48</lattice:name>
                  <lattice:value>0</lattice:value>
               </lattice:configurableParameter>
               <lattice:configurableParameter>
                  <lattice:name sequence_id="0">INIT_VALUE_49</lattice:name>
                  <lattice:value>0</lattice:value>
               </lattice:configurableParameter>
               <lattice:configurableParameter>
                  <lattice:name sequence_id="0">INIT_VALUE_4A</lattice:name>
                  <lattice:value>0</lattice:value>
               </lattice:configurableParameter>
               <lattice:configurableParameter>
                  <lattice:name sequence_id="0">INIT_VALUE_4B</lattice:name>
                  <lattice:value>0</lattice:value>
               </lattice:configurableParameter>
               <lattice:configurableParameter>
                  <lattice:name sequence_id="0">INIT_VALUE_4C</lattice:name>
                  <lattice:value>0</lattice:value>
               </lattice:configurableParameter>
               <lattice:configurableParameter>
                  <lattice:name sequence_id="0">INIT_VALUE_4D</lattice:name>
                  <lattice:value>0</lattice:value>
               </lattice:configurableParameter>
               <lattice:configurableParameter>
                  <lattice:name sequence_id="0">INIT_VALUE_4E</lattice:name>
                  <lattice:value>0</lattice:value>
               </lattice:configurableParameter>
               <lattice:configurableParameter>
                  <lattice:name sequence_id="0">INIT_VALUE_4F</lattice:name>
                  <lattice:value>0</lattice:value>
               </lattice:configurableParameter>
               <lattice:configurableParameter>
                  <lattice:name sequence_id="0">INIT_VALUE_50</lattice:name>
                  <lattice:value>0</lattice:value>
               </lattice:configurableParameter>
               <lattice:configurableParameter>
                  <lattice:name sequence_id="0">INIT_VALUE_51</lattice:name>
                  <lattice:value>0</lattice:value>
               </lattice:configurableParameter>
               <lattice:configurableParameter>
                  <lattice:name sequence_id="0">INIT_VALUE_52</lattice:name>
                  <lattice:value>0</lattice:value>
               </lattice:configurableParameter>
               <lattice:configurableParameter>
                  <lattice:name sequence_id="0">INIT_VALUE_53</lattice:name>
                  <lattice:value>0</lattice:value>
               </lattice:configurableParameter>
               <lattice:configurableParameter>
                  <lattice:name sequence_id="0">INIT_VALUE_54</lattice:name>
                  <lattice:value>0</lattice:value>
               </lattice:configurableParameter>
               <lattice:configurableParameter>
                  <lattice:name sequence_id="0">INIT_VALUE_55</lattice:name>
                  <lattice:value>0</lattice:value>
               </lattice:configurableParameter>
               <lattice:configurableParameter>
                  <lattice:name sequence_id="0">INIT_VALUE_56</lattice:name>
                  <lattice:value>0</lattice:value>
               </lattice:configurableParameter>
               <lattice:configurableParameter>
                  <lattice:name sequence_id="0">INIT_VALUE_57</lattice:name>
                  <lattice:value>0</lattice:value>
               </lattice:configurableParameter>
               <lattice:configurableParameter>
                  <lattice:name sequence_id="0">INIT_VALUE_58</lattice:name>
                  <lattice:value>0</lattice:value>
               </lattice:configurableParameter>
               <lattice:configurableParameter>
                  <lattice:name sequence_id="0">INIT_VALUE_59</lattice:name>
                  <lattice:value>0</lattice:value>
               </lattice:configurableParameter>
               <lattice:configurableParameter>
                  <lattice:name sequence_id="0">INIT_VALUE_5A</lattice:name>
                  <lattice:value>0</lattice:value>
               </lattice:configurableParameter>
               <lattice:configurableParameter>
                  <lattice:name sequence_id="0">INIT_VALUE_5B</lattice:name>
                  <lattice:value>0</lattice:value>
               </lattice:configurableParameter>
               <lattice:configurableParameter>
                  <lattice:name sequence_id="0">INIT_VALUE_5C</lattice:name>
                  <lattice:value>0</lattice:value>
               </lattice:configurableParameter>
               <lattice:configurableParameter>
                  <lattice:name sequence_id="0">INIT_VALUE_5D</lattice:name>
                  <lattice:value>0</lattice:value>
               </lattice:configurableParameter>
               <lattice:configurableParameter>
                  <lattice:name sequence_id="0">INIT_VALUE_5E</lattice:name>
                  <lattice:value>0</lattice:value>
               </lattice:configurableParameter>
               <lattice:configurableParameter>
                  <lattice:name sequence_id="0">INIT_VALUE_5F</lattice:name>
                  <lattice:value>0</lattice:value>
               </lattice:configurableParameter>
               <lattice:configurableParameter>
                  <lattice:name sequence_id="0">INIT_VALUE_60</lattice:name>
                  <lattice:value>0</lattice:value>
               </lattice:configurableParameter>
               <lattice:configurableParameter>
                  <lattice:name sequence_id="0">INIT_VALUE_61</lattice:name>
                  <lattice:value>0</lattice:value>
               </lattice:configurableParameter>
               <lattice:configurableParameter>
                  <lattice:name sequence_id="0">INIT_VALUE_62</lattice:name>
                  <lattice:value>0</lattice:value>
               </lattice:configurableParameter>
               <lattice:configurableParameter>
                  <lattice:name sequence_id="0">INIT_VALUE_63</lattice:name>
                  <lattice:value>0</lattice:value>
               </lattice:configurableParameter>
               <lattice:configurableParameter>
                  <lattice:name sequence_id="0">INIT_VALUE_64</lattice:name>
                  <lattice:value>0</lattice:value>
               </lattice:configurableParameter>
               <lattice:configurableParameter>
                  <lattice:name sequence_id="0">INIT_VALUE_65</lattice:name>
                  <lattice:value>0</lattice:value>
               </lattice:configurableParameter>
               <lattice:configurableParameter>
                  <lattice:name sequence_id="0">INIT_VALUE_66</lattice:name>
                  <lattice:value>0</lattice:value>
               </lattice:configurableParameter>
               <lattice:configurableParameter>
                  <lattice:name sequence_id="0">INIT_VALUE_67</lattice:name>
                  <lattice:value>0</lattice:value>
               </lattice:configurableParameter>
               <lattice:configurableParameter>
                  <lattice:name sequence_id="0">INIT_VALUE_68</lattice:name>
                  <lattice:value>0</lattice:value>
               </lattice:configurableParameter>
               <lattice:configurableParameter>
                  <lattice:name sequence_id="0">INIT_VALUE_69</lattice:name>
                  <lattice:value>0</lattice:value>
               </lattice:configurableParameter>
               <lattice:configurableParameter>
                  <lattice:name sequence_id="0">INIT_VALUE_6A</lattice:name>
                  <lattice:value>0</lattice:value>
               </lattice:configurableParameter>
               <lattice:configurableParameter>
                  <lattice:name sequence_id="0">INIT_VALUE_6B</lattice:name>
                  <lattice:value>0</lattice:value>
               </lattice:configurableParameter>
               <lattice:configurableParameter>
                  <lattice:name sequence_id="0">INIT_VALUE_6C</lattice:name>
                  <lattice:value>0</lattice:value>
               </lattice:configurableParameter>
               <lattice:configurableParameter>
                  <lattice:name sequence_id="0">INIT_VALUE_6D</lattice:name>
                  <lattice:value>0</lattice:value>
               </lattice:configurableParameter>
               <lattice:configurableParameter>
                  <lattice:name sequence_id="0">INIT_VALUE_6E</lattice:name>
                  <lattice:value>0</lattice:value>
               </lattice:configurableParameter>
               <lattice:configurableParameter>
                  <lattice:name sequence_id="0">INIT_VALUE_6F</lattice:name>
                  <lattice:value>0</lattice:value>
               </lattice:configurableParameter>
               <lattice:configurableParameter>
                  <lattice:name sequence_id="0">INIT_VALUE_70</lattice:name>
                  <lattice:value>0</lattice:value>
               </lattice:configurableParameter>
               <lattice:configurableParameter>
                  <lattice:name sequence_id="0">INIT_VALUE_71</lattice:name>
                  <lattice:value>0</lattice:value>
               </lattice:configurableParameter>
               <lattice:configurableParameter>
                  <lattice:name sequence_id="0">INIT_VALUE_72</lattice:name>
                  <lattice:value>0</lattice:value>
               </lattice:configurableParameter>
               <lattice:configurableParameter>
                  <lattice:name sequence_id="0">INIT_VALUE_73</lattice:name>
                  <lattice:value>0</lattice:value>
               </lattice:configurableParameter>
               <lattice:configurableParameter>
                  <lattice:name sequence_id="0">INIT_VALUE_74</lattice:name>
                  <lattice:value>0</lattice:value>
               </lattice:configurableParameter>
               <lattice:configurableParameter>
                  <lattice:name sequence_id="0">INIT_VALUE_75</lattice:name>
                  <lattice:value>0</lattice:value>
               </lattice:configurableParameter>
               <lattice:configurableParameter>
                  <lattice:name sequence_id="0">INIT_VALUE_76</lattice:name>
                  <lattice:value>0</lattice:value>
               </lattice:configurableParameter>
               <lattice:configurableParameter>
                  <lattice:name sequence_id="0">INIT_VALUE_77</lattice:name>
                  <lattice:value>0</lattice:value>
               </lattice:configurableParameter>
               <lattice:configurableParameter>
                  <lattice:name sequence_id="0">INIT_VALUE_78</lattice:name>
                  <lattice:value>0</lattice:value>
               </lattice:configurableParameter>
               <lattice:configurableParameter>
                  <lattice:name sequence_id="0">INIT_VALUE_79</lattice:name>
                  <lattice:value>0</lattice:value>
               </lattice:configurableParameter>
               <lattice:configurableParameter>
                  <lattice:name sequence_id="0">INIT_VALUE_7A</lattice:name>
                  <lattice:value>0</lattice:value>
               </lattice:configurableParameter>
               <lattice:configurableParameter>
                  <lattice:name sequence_id="0">INIT_VALUE_7B</lattice:name>
                  <lattice:value>0</lattice:value>
               </lattice:configurableParameter>
               <lattice:configurableParameter>
                  <lattice:name sequence_id="0">INIT_VALUE_7C</lattice:name>
                  <lattice:value>0</lattice:value>
               </lattice:configurableParameter>
               <lattice:configurableParameter>
                  <lattice:name sequence_id="0">INIT_VALUE_7D</lattice:name>
                  <lattice:value>0</lattice:value>
               </lattice:configurableParameter>
               <lattice:configurableParameter>
                  <lattice:name sequence_id="0">INIT_VALUE_7E</lattice:name>
                  <lattice:value>0</lattice:value>
               </lattice:configurableParameter>
               <lattice:configurableParameter>
                  <lattice:name sequence_id="0">INIT_VALUE_7F</lattice:name>
                  <lattice:value>0</lattice:value>
               </lattice:configurableParameter>
               <lattice:configurableParameter>
                  <lattice:name sequence_id="0">REGMODE_S0</lattice:name>
                  <lattice:value>True</lattice:value>
               </lattice:configurableParameter>
               <lattice:configurableParameter>
                  <lattice:name sequence_id="0">READ_PIPELINE_S0</lattice:name>
                  <lattice:value>False</lattice:value>
               </lattice:configurableParameter>
               <lattice:configurableParameter>
                  <lattice:name sequence_id="0">RESET_MODE_S0</lattice:name>
                  <lattice:value>sync</lattice:value>
               </lattice:configurableParameter>
               <lattice:configurableParameter>
                  <lattice:name sequence_id="0">BYTE_ENABLE_S0</lattice:name>
                  <lattice:value>True</lattice:value>
               </lattice:configurableParameter>
               <lattice:configurableParameter>
                  <lattice:name sequence_id="0">UNALIGNED_ACCESS_EN_S0</lattice:name>
                  <lattice:value>False</lattice:value>
               </lattice:configurableParameter>
               <lattice:configurableParameter>
                  <lattice:name sequence_id="0">SHIFT_DIRECTION_S0</lattice:name>
                  <lattice:value>none</lattice:value>
               </lattice:configurableParameter>
               <lattice:configurableParameter>
                  <lattice:name sequence_id="0">EDIT_ADDRESS_S0</lattice:name>
                  <lattice:value>False</lattice:value>
               </lattice:configurableParameter>
               <lattice:configurableParameter>
                  <lattice:name sequence_id="0">s0_start</lattice:name>
                  <lattice:value>0</lattice:value>
               </lattice:configurableParameter>
               <lattice:configurableParameter>
                  <lattice:name sequence_id="0">S0_START_ADDR</lattice:name>
                  <lattice:value>0</lattice:value>
               </lattice:configurableParameter>
               <lattice:configurableParameter>
                  <lattice:name sequence_id="0">s0_end</lattice:name>
                  <lattice:value>0FFFF</lattice:value>
               </lattice:configurableParameter>
               <lattice:configurableParameter>
                  <lattice:name sequence_id="0">S0_END_ADDR</lattice:name>
                  <lattice:value>65535</lattice:value>
               </lattice:configurableParameter>
               <lattice:configurableParameter>
                  <lattice:name sequence_id="0">ACCESS_TYPE_S0</lattice:name>
                  <lattice:value>R/W</lattice:value>
               </lattice:configurableParameter>
               <lattice:configurableParameter>
                  <lattice:name sequence_id="0">ADDR_SPACE_S0</lattice:name>
                  <lattice:value>65536</lattice:value>
               </lattice:configurableParameter>
               <lattice:configurableParameter>
                  <lattice:name sequence_id="0">REGMODE_S1</lattice:name>
                  <lattice:value>True</lattice:value>
               </lattice:configurableParameter>
               <lattice:configurableParameter>
                  <lattice:name sequence_id="0">READ_PIPELINE_S1</lattice:name>
                  <lattice:value>False</lattice:value>
               </lattice:configurableParameter>
               <lattice:configurableParameter>
                  <lattice:name sequence_id="0">RESET_MODE_S1</lattice:name>
                  <lattice:value>sync</lattice:value>
               </lattice:configurableParameter>
               <lattice:configurableParameter>
                  <lattice:name sequence_id="0">BYTE_ENABLE_S1</lattice:name>
                  <lattice:value>True</lattice:value>
               </lattice:configurableParameter>
               <lattice:configurableParameter>
                  <lattice:name sequence_id="0">UNALIGNED_ACCESS_EN_S1</lattice:name>
                  <lattice:value>False</lattice:value>
               </lattice:configurableParameter>
               <lattice:configurableParameter>
                  <lattice:name sequence_id="0">SHIFT_DIRECTION_S1</lattice:name>
                  <lattice:value>none</lattice:value>
               </lattice:configurableParameter>
               <lattice:configurableParameter>
                  <lattice:name sequence_id="0">EDIT_ADDRESS_S1</lattice:name>
                  <lattice:value>False</lattice:value>
               </lattice:configurableParameter>
               <lattice:configurableParameter>
                  <lattice:name sequence_id="0">s1_start</lattice:name>
                  <lattice:value>0</lattice:value>
               </lattice:configurableParameter>
               <lattice:configurableParameter>
                  <lattice:name sequence_id="0">S1_START_ADDR</lattice:name>
                  <lattice:value>0</lattice:value>
               </lattice:configurableParameter>
               <lattice:configurableParameter>
                  <lattice:name sequence_id="0">s1_end</lattice:name>
                  <lattice:value>0FFFF</lattice:value>
               </lattice:configurableParameter>
               <lattice:configurableParameter>
                  <lattice:name sequence_id="0">S1_END_ADDR</lattice:name>
                  <lattice:value>65535</lattice:value>
               </lattice:configurableParameter>
               <lattice:configurableParameter>
                  <lattice:name sequence_id="0">ACCESS_TYPE_S1</lattice:name>
                  <lattice:value>R/W</lattice:value>
               </lattice:configurableParameter>
               <lattice:configurableParameter>
                  <lattice:name sequence_id="0">u_access_type</lattice:name>
                  <lattice:value>R/W</lattice:value>
               </lattice:configurableParameter>
               <lattice:configurableParameter>
                  <lattice:name sequence_id="0">ADDR_SPACE_S1</lattice:name>
                  <lattice:value>65536</lattice:value>
               </lattice:configurableParameter>
            </lattice:configurableParameters>
         </lattice:ipInstance>
         <lattice:ipInstance>
            <lattice:instanceName library="ip" name="uart" vendor="latticesemi.com" version="1.3.0">uart0_inst</lattice:instanceName>
            <ipxact:memoryMaps>
               <ipxact:memoryMap>
                  <ipxact:name>uart_mem_map</ipxact:name>
                  <ipxact:description>UART memory map</ipxact:description>
                  <ipxact:addressBlock>
                     <ipxact:name>UART_Registers</ipxact:name>
                     <ipxact:baseAddress>0x10000</ipxact:baseAddress>
                     <ipxact:range>0x400</ipxact:range>
                     <ipxact:width>32</ipxact:width>
                  </ipxact:addressBlock>
               </ipxact:memoryMap>
            </ipxact:memoryMaps>
            <lattice:configurableParameters>
               <lattice:configurableParameter>
                  <lattice:name sequence_id="1">SYS_CLK</lattice:name>
                  <lattice:value>18.0</lattice:value>
               </lattice:configurableParameter>
               <lattice:configurableParameter>
                  <lattice:name sequence_id="4">DATA_WIDTH</lattice:name>
                  <lattice:value>8</lattice:value>
               </lattice:configurableParameter>
               <lattice:configurableParameter>
                  <lattice:name sequence_id="3">STOP_BITS</lattice:name>
                  <lattice:value>1</lattice:value>
               </lattice:configurableParameter>
               <lattice:configurableParameter>
                  <lattice:name sequence_id="2">BAUD_RATE</lattice:name>
                  <lattice:value>115200</lattice:value>
               </lattice:configurableParameter>
            </lattice:configurableParameters>
            <lattice:structName>uart_instance</lattice:structName>
            <lattice:initName>uart_init</lattice:initName>
            <lattice:headerFile>uart.h</lattice:headerFile>
            <lattice:interruptPort>IRQ_S0</lattice:interruptPort>
            <lattice:driverVersion>null</lattice:driverVersion>
         </lattice:ipInstance>
      </lattice:ipInstances>
      <lattice:memoryRegions>
         <lattice:memoryRegion>
            <lattice:name>sysmem0_inst_AHBL_S1</lattice:name>
            <lattice:instanceName>sysmem0_inst</lattice:instanceName>
            <lattice:editAddress>False</lattice:editAddress>
            <lattice:startAddress>0</lattice:startAddress>
            <lattice:addressSpace>65536</lattice:addressSpace>
            <lattice:accessType>R/W</lattice:accessType>
            <lattice:masterPorts>
               <lattice:masterPort>
                  <lattice:name>cpu0_inst_AHBL_M1_DATA</lattice:name>
                  <lattice:baseAddress>0x0</lattice:baseAddress>
                  <lattice:range>0x10000</lattice:range>
               </lattice:masterPort>
            </lattice:masterPorts>
         </lattice:memoryRegion>
         <lattice:memoryRegion>
            <lattice:name>sysmem0_inst_AHBL_S0</lattice:name>
            <lattice:instanceName>sysmem0_inst</lattice:instanceName>
            <lattice:editAddress>False</lattice:editAddress>
            <lattice:startAddress>0</lattice:startAddress>
            <lattice:addressSpace>65536</lattice:addressSpace>
            <lattice:accessType>R/W</lattice:accessType>
            <lattice:masterPorts>
               <lattice:masterPort>
                  <lattice:name>cpu0_inst_AHBL_M0_INSTR</lattice:name>
                  <lattice:baseAddress>0x0</lattice:baseAddress>
                  <lattice:range>0x10000</lattice:range>
               </lattice:masterPort>
            </lattice:masterPorts>
         </lattice:memoryRegion>
      </lattice:memoryRegions>
   </lattice:system>
</lattice:systemEnv>