<?xml version="1.0" ?>
<ipxact:design xmlns:ipxact="http://www.accellera.org/XMLSchema/IPXACT/1685-2014" xmlns:lattice="http://www.latticesemi.com/lattice" xmlns:lsccip="http://www.latticesemi.com/XMLSchema/Radiant/ip">
    <ipxact:vendor>Jayfox</ipxact:vendor>
    <ipxact:library>my_ip</ipxact:library>
    <ipxact:name>adc0</ipxact:name>
    <ipxact:version>1.0.0</ipxact:version>
    <ipxact:componentInstances>
        <ipxact:componentInstance>
            <ipxact:instanceName>apb_to_adc_inst</ipxact:instanceName>
            <ipxact:componentRef library="my_ip" name="nexus_adc" vendor="Jayfox" version="1.0.0">
                <ipxact:configurableElementValues/>
            </ipxact:componentRef>
        </ipxact:componentInstance>
    </ipxact:componentInstances>
    <ipxact:adHocConnections>
        <ipxact:adHocConnection>
            <ipxact:name>adc0.clk_i</ipxact:name>
            <ipxact:portReferences>
                <ipxact:internalPortReference componentRef="adc0" portRef="clk_i"/>
                <ipxact:externalPortReference portRef="clk_i"/>
            </ipxact:portReferences>
        </ipxact:adHocConnection>
        <ipxact:adHocConnection>
            <ipxact:name>adc0.rst_n_i</ipxact:name>
            <ipxact:portReferences>
                <ipxact:internalPortReference componentRef="adc0" portRef="rst_n_i"/>
                <ipxact:externalPortReference portRef="rst_n_i"/>
            </ipxact:portReferences>
        </ipxact:adHocConnection>
        <ipxact:adHocConnection>
            <ipxact:name>adc0.PSEL</ipxact:name>
            <ipxact:portReferences>
                <ipxact:internalPortReference componentRef="adc0" portRef="PSEL"/>
                <ipxact:externalPortReference portRef="PSEL"/>
            </ipxact:portReferences>
        </ipxact:adHocConnection>
        <ipxact:adHocConnection>
            <ipxact:name>adc0.PENABLE</ipxact:name>
            <ipxact:portReferences>
                <ipxact:internalPortReference componentRef="adc0" portRef="PENABLE"/>
                <ipxact:externalPortReference portRef="PENABLE"/>
            </ipxact:portReferences>
        </ipxact:adHocConnection>
        <ipxact:adHocConnection>
            <ipxact:name>adc0.PADDR.7:0</ipxact:name>
            <ipxact:portReferences>
                <ipxact:internalPortReference componentRef="adc0" portRef="PADDR">
                    <ipxact:partSelect>
                        <ipxact:range>
                            <ipxact:left>7</ipxact:left>
                            <ipxact:right>0</ipxact:right>
                        </ipxact:range>
                    </ipxact:partSelect>
                </ipxact:internalPortReference>
                <ipxact:externalPortReference portRef="PADDR">
                    <ipxact:partSelect>
                        <ipxact:range>
                            <ipxact:left>7</ipxact:left>
                            <ipxact:right>0</ipxact:right>
                        </ipxact:range>
                    </ipxact:partSelect>
                </ipxact:externalPortReference>
            </ipxact:portReferences>
        </ipxact:adHocConnection>
        <ipxact:adHocConnection>
            <ipxact:name>adc0.PWRITE</ipxact:name>
            <ipxact:portReferences>
                <ipxact:internalPortReference componentRef="adc0" portRef="PWRITE"/>
                <ipxact:externalPortReference portRef="PWRITE"/>
            </ipxact:portReferences>
        </ipxact:adHocConnection>
        <ipxact:adHocConnection>
            <ipxact:name>adc0.PWDATA.31:0</ipxact:name>
            <ipxact:portReferences>
                <ipxact:internalPortReference componentRef="adc0" portRef="PWDATA">
                    <ipxact:partSelect>
                        <ipxact:range>
                            <ipxact:left>31</ipxact:left>
                            <ipxact:right>0</ipxact:right>
                        </ipxact:range>
                    </ipxact:partSelect>
                </ipxact:internalPortReference>
                <ipxact:externalPortReference portRef="PWDATA">
                    <ipxact:partSelect>
                        <ipxact:range>
                            <ipxact:left>31</ipxact:left>
                            <ipxact:right>0</ipxact:right>
                        </ipxact:range>
                    </ipxact:partSelect>
                </ipxact:externalPortReference>
            </ipxact:portReferences>
        </ipxact:adHocConnection>
        <ipxact:adHocConnection>
            <ipxact:name>adc0.PRDATA.31:0</ipxact:name>
            <ipxact:portReferences>
                <ipxact:internalPortReference componentRef="adc0" portRef="PRDATA">
                    <ipxact:partSelect>
                        <ipxact:range>
                            <ipxact:left>31</ipxact:left>
                            <ipxact:right>0</ipxact:right>
                        </ipxact:range>
                    </ipxact:partSelect>
                </ipxact:internalPortReference>
                <ipxact:externalPortReference portRef="PRDATA">
                    <ipxact:partSelect>
                        <ipxact:range>
                            <ipxact:left>31</ipxact:left>
                            <ipxact:right>0</ipxact:right>
                        </ipxact:range>
                    </ipxact:partSelect>
                </ipxact:externalPortReference>
            </ipxact:portReferences>
        </ipxact:adHocConnection>
        <ipxact:adHocConnection>
            <ipxact:name>adc0.PREADY</ipxact:name>
            <ipxact:portReferences>
                <ipxact:internalPortReference componentRef="adc0" portRef="PREADY"/>
                <ipxact:externalPortReference portRef="PREADY"/>
            </ipxact:portReferences>
        </ipxact:adHocConnection>
        <ipxact:adHocConnection>
            <ipxact:name>adc0.PSLVERR</ipxact:name>
            <ipxact:portReferences>
                <ipxact:internalPortReference componentRef="adc0" portRef="PSLVERR"/>
                <ipxact:externalPortReference portRef="PSLVERR"/>
            </ipxact:portReferences>
        </ipxact:adHocConnection>
        <ipxact:adHocConnection>
            <ipxact:name>adc0.alive</ipxact:name>
            <ipxact:portReferences>
                <ipxact:internalPortReference componentRef="adc0" portRef="alive"/>
                <ipxact:externalPortReference portRef="alive"/>
            </ipxact:portReferences>
        </ipxact:adHocConnection>
        <ipxact:adHocConnection>
            <ipxact:name>adc0.pll_adc_i</ipxact:name>
            <ipxact:portReferences>
                <ipxact:internalPortReference componentRef="adc0" portRef="pll_adc_i"/>
                <ipxact:externalPortReference portRef="pll_adc_i"/>
            </ipxact:portReferences>
        </ipxact:adHocConnection>
        <ipxact:adHocConnection>
            <ipxact:name>adc0.pll_fsm_i</ipxact:name>
            <ipxact:portReferences>
                <ipxact:internalPortReference componentRef="adc0" portRef="pll_fsm_i"/>
                <ipxact:externalPortReference portRef="pll_fsm_i"/>
            </ipxact:portReferences>
        </ipxact:adHocConnection>
        <ipxact:adHocConnection>
            <ipxact:name>adc0.pll_lock_i</ipxact:name>
            <ipxact:portReferences>
                <ipxact:internalPortReference componentRef="adc0" portRef="pll_lock_i"/>
                <ipxact:externalPortReference portRef="pll_lock_i"/>
            </ipxact:portReferences>
        </ipxact:adHocConnection>
        <ipxact:adHocConnection>
            <ipxact:name>adc0.adc_dn0</ipxact:name>
            <ipxact:portReferences>
                <ipxact:internalPortReference componentRef="adc0" portRef="adc_dn0"/>
                <ipxact:externalPortReference portRef="adc_dn0"/>
            </ipxact:portReferences>
        </ipxact:adHocConnection>
        <ipxact:adHocConnection>
            <ipxact:name>adc0.adc_dn1</ipxact:name>
            <ipxact:portReferences>
                <ipxact:internalPortReference componentRef="adc0" portRef="adc_dn1"/>
                <ipxact:externalPortReference portRef="adc_dn1"/>
            </ipxact:portReferences>
        </ipxact:adHocConnection>
        <ipxact:adHocConnection>
            <ipxact:name>adc0.adc_dp0</ipxact:name>
            <ipxact:portReferences>
                <ipxact:internalPortReference componentRef="adc0" portRef="adc_dp0"/>
                <ipxact:externalPortReference portRef="adc_dp0"/>
            </ipxact:portReferences>
        </ipxact:adHocConnection>
        <ipxact:adHocConnection>
            <ipxact:name>adc0.adc_dp1</ipxact:name>
            <ipxact:portReferences>
                <ipxact:internalPortReference componentRef="adc0" portRef="adc_dp1"/>
                <ipxact:externalPortReference portRef="adc_dp1"/>
            </ipxact:portReferences>
        </ipxact:adHocConnection>
    </ipxact:adHocConnections>
</ipxact:design>
