<?xml version="1.0" ?>
<ipxact:design xmlns:ipxact="http://www.accellera.org/XMLSchema/IPXACT/1685-2014" xmlns:lattice="http://www.latticesemi.com/lattice" xmlns:lsccip="http://www.latticesemi.com/XMLSchema/Radiant/ip">
    <ipxact:vendor>latticesemi.com</ipxact:vendor>
    <ipxact:library>module</ipxact:library>
    <ipxact:name>ahbl2apb0</ipxact:name>
    <ipxact:version>1.1.1</ipxact:version>
    <ipxact:componentInstances>
        <ipxact:componentInstance>
            <ipxact:instanceName>lscc_ahbl2apb_inst</ipxact:instanceName>
            <ipxact:componentRef library="module" name="ahb_lite_to_apb_bridge" vendor="latticesemi.com" version="1.1.1">
                <ipxact:configurableElementValues>
                    <ipxact:configurableElementValue referenceId="ADDR_WIDTH">32</ipxact:configurableElementValue>
                    <ipxact:configurableElementValue referenceId="DATA_WIDTH">32</ipxact:configurableElementValue>
                    <ipxact:configurableElementValue referenceId="APB_CLK_EN">True</ipxact:configurableElementValue>
                    <ipxact:configurableElementValue referenceId="FAMILY">LFCPNX</ipxact:configurableElementValue>
                </ipxact:configurableElementValues>
            </ipxact:componentRef>
        </ipxact:componentInstance>
    </ipxact:componentInstances>
    <ipxact:adHocConnections>
        <ipxact:adHocConnection>
            <ipxact:name>ahbl2apb0.clk_i</ipxact:name>
            <ipxact:portReferences>
                <ipxact:internalPortReference componentRef="ahbl2apb0" portRef="clk_i"/>
                <ipxact:externalPortReference portRef="clk_i"/>
            </ipxact:portReferences>
        </ipxact:adHocConnection>
        <ipxact:adHocConnection>
            <ipxact:name>ahbl2apb0.rst_n_i</ipxact:name>
            <ipxact:portReferences>
                <ipxact:internalPortReference componentRef="ahbl2apb0" portRef="rst_n_i"/>
                <ipxact:externalPortReference portRef="rst_n_i"/>
            </ipxact:portReferences>
        </ipxact:adHocConnection>
        <ipxact:adHocConnection>
            <ipxact:name>ahbl2apb0.pclk_i</ipxact:name>
            <ipxact:portReferences>
                <ipxact:internalPortReference componentRef="ahbl2apb0" portRef="pclk_i"/>
                <ipxact:externalPortReference portRef="pclk_i"/>
            </ipxact:portReferences>
        </ipxact:adHocConnection>
        <ipxact:adHocConnection>
            <ipxact:name>ahbl2apb0.presetn_i</ipxact:name>
            <ipxact:portReferences>
                <ipxact:internalPortReference componentRef="ahbl2apb0" portRef="presetn_i"/>
                <ipxact:externalPortReference portRef="presetn_i"/>
            </ipxact:portReferences>
        </ipxact:adHocConnection>
        <ipxact:adHocConnection>
            <ipxact:name>ahbl2apb0.ahbl_hsel_i</ipxact:name>
            <ipxact:portReferences>
                <ipxact:internalPortReference componentRef="ahbl2apb0" portRef="ahbl_hsel_i"/>
                <ipxact:externalPortReference portRef="ahbl_hsel_i"/>
            </ipxact:portReferences>
        </ipxact:adHocConnection>
        <ipxact:adHocConnection>
            <ipxact:name>ahbl2apb0.ahbl_hready_i</ipxact:name>
            <ipxact:portReferences>
                <ipxact:internalPortReference componentRef="ahbl2apb0" portRef="ahbl_hready_i"/>
                <ipxact:externalPortReference portRef="ahbl_hready_i"/>
            </ipxact:portReferences>
        </ipxact:adHocConnection>
        <ipxact:adHocConnection>
            <ipxact:name>ahbl2apb0.ahbl_haddr_i.31:0</ipxact:name>
            <ipxact:portReferences>
                <ipxact:internalPortReference componentRef="ahbl2apb0" portRef="ahbl_haddr_i">
                    <ipxact:partSelect>
                        <ipxact:range>
                            <ipxact:left>31</ipxact:left>
                            <ipxact:right>0</ipxact:right>
                        </ipxact:range>
                    </ipxact:partSelect>
                </ipxact:internalPortReference>
                <ipxact:externalPortReference portRef="ahbl_haddr_i">
                    <ipxact:partSelect>
                        <ipxact:range>
                            <ipxact:left>31</ipxact:left>
                            <ipxact:right>0</ipxact:right>
                        </ipxact:range>
                    </ipxact:partSelect>
                </ipxact:externalPortReference>
            </ipxact:portReferences>
        </ipxact:adHocConnection>
        <ipxact:adHocConnection>
            <ipxact:name>ahbl2apb0.ahbl_hburst_i.2:0</ipxact:name>
            <ipxact:portReferences>
                <ipxact:internalPortReference componentRef="ahbl2apb0" portRef="ahbl_hburst_i">
                    <ipxact:partSelect>
                        <ipxact:range>
                            <ipxact:left>2</ipxact:left>
                            <ipxact:right>0</ipxact:right>
                        </ipxact:range>
                    </ipxact:partSelect>
                </ipxact:internalPortReference>
                <ipxact:externalPortReference portRef="ahbl_hburst_i">
                    <ipxact:partSelect>
                        <ipxact:range>
                            <ipxact:left>2</ipxact:left>
                            <ipxact:right>0</ipxact:right>
                        </ipxact:range>
                    </ipxact:partSelect>
                </ipxact:externalPortReference>
            </ipxact:portReferences>
        </ipxact:adHocConnection>
        <ipxact:adHocConnection>
            <ipxact:name>ahbl2apb0.ahbl_hsize_i.2:0</ipxact:name>
            <ipxact:portReferences>
                <ipxact:internalPortReference componentRef="ahbl2apb0" portRef="ahbl_hsize_i">
                    <ipxact:partSelect>
                        <ipxact:range>
                            <ipxact:left>2</ipxact:left>
                            <ipxact:right>0</ipxact:right>
                        </ipxact:range>
                    </ipxact:partSelect>
                </ipxact:internalPortReference>
                <ipxact:externalPortReference portRef="ahbl_hsize_i">
                    <ipxact:partSelect>
                        <ipxact:range>
                            <ipxact:left>2</ipxact:left>
                            <ipxact:right>0</ipxact:right>
                        </ipxact:range>
                    </ipxact:partSelect>
                </ipxact:externalPortReference>
            </ipxact:portReferences>
        </ipxact:adHocConnection>
        <ipxact:adHocConnection>
            <ipxact:name>ahbl2apb0.ahbl_hmastlock_i</ipxact:name>
            <ipxact:portReferences>
                <ipxact:internalPortReference componentRef="ahbl2apb0" portRef="ahbl_hmastlock_i"/>
                <ipxact:externalPortReference portRef="ahbl_hmastlock_i"/>
            </ipxact:portReferences>
        </ipxact:adHocConnection>
        <ipxact:adHocConnection>
            <ipxact:name>ahbl2apb0.ahbl_hprot_i.3:0</ipxact:name>
            <ipxact:portReferences>
                <ipxact:internalPortReference componentRef="ahbl2apb0" portRef="ahbl_hprot_i">
                    <ipxact:partSelect>
                        <ipxact:range>
                            <ipxact:left>3</ipxact:left>
                            <ipxact:right>0</ipxact:right>
                        </ipxact:range>
                    </ipxact:partSelect>
                </ipxact:internalPortReference>
                <ipxact:externalPortReference portRef="ahbl_hprot_i">
                    <ipxact:partSelect>
                        <ipxact:range>
                            <ipxact:left>3</ipxact:left>
                            <ipxact:right>0</ipxact:right>
                        </ipxact:range>
                    </ipxact:partSelect>
                </ipxact:externalPortReference>
            </ipxact:portReferences>
        </ipxact:adHocConnection>
        <ipxact:adHocConnection>
            <ipxact:name>ahbl2apb0.ahbl_htrans_i.1:0</ipxact:name>
            <ipxact:portReferences>
                <ipxact:internalPortReference componentRef="ahbl2apb0" portRef="ahbl_htrans_i">
                    <ipxact:partSelect>
                        <ipxact:range>
                            <ipxact:left>1</ipxact:left>
                            <ipxact:right>0</ipxact:right>
                        </ipxact:range>
                    </ipxact:partSelect>
                </ipxact:internalPortReference>
                <ipxact:externalPortReference portRef="ahbl_htrans_i">
                    <ipxact:partSelect>
                        <ipxact:range>
                            <ipxact:left>1</ipxact:left>
                            <ipxact:right>0</ipxact:right>
                        </ipxact:range>
                    </ipxact:partSelect>
                </ipxact:externalPortReference>
            </ipxact:portReferences>
        </ipxact:adHocConnection>
        <ipxact:adHocConnection>
            <ipxact:name>ahbl2apb0.ahbl_hwdata_i.31:0</ipxact:name>
            <ipxact:portReferences>
                <ipxact:internalPortReference componentRef="ahbl2apb0" portRef="ahbl_hwdata_i">
                    <ipxact:partSelect>
                        <ipxact:range>
                            <ipxact:left>31</ipxact:left>
                            <ipxact:right>0</ipxact:right>
                        </ipxact:range>
                    </ipxact:partSelect>
                </ipxact:internalPortReference>
                <ipxact:externalPortReference portRef="ahbl_hwdata_i">
                    <ipxact:partSelect>
                        <ipxact:range>
                            <ipxact:left>31</ipxact:left>
                            <ipxact:right>0</ipxact:right>
                        </ipxact:range>
                    </ipxact:partSelect>
                </ipxact:externalPortReference>
            </ipxact:portReferences>
        </ipxact:adHocConnection>
        <ipxact:adHocConnection>
            <ipxact:name>ahbl2apb0.ahbl_hwrite_i</ipxact:name>
            <ipxact:portReferences>
                <ipxact:internalPortReference componentRef="ahbl2apb0" portRef="ahbl_hwrite_i"/>
                <ipxact:externalPortReference portRef="ahbl_hwrite_i"/>
            </ipxact:portReferences>
        </ipxact:adHocConnection>
        <ipxact:adHocConnection>
            <ipxact:name>ahbl2apb0.ahbl_hreadyout_o</ipxact:name>
            <ipxact:portReferences>
                <ipxact:internalPortReference componentRef="ahbl2apb0" portRef="ahbl_hreadyout_o"/>
                <ipxact:externalPortReference portRef="ahbl_hreadyout_o"/>
            </ipxact:portReferences>
        </ipxact:adHocConnection>
        <ipxact:adHocConnection>
            <ipxact:name>ahbl2apb0.ahbl_hresp_o</ipxact:name>
            <ipxact:portReferences>
                <ipxact:internalPortReference componentRef="ahbl2apb0" portRef="ahbl_hresp_o"/>
                <ipxact:externalPortReference portRef="ahbl_hresp_o"/>
            </ipxact:portReferences>
        </ipxact:adHocConnection>
        <ipxact:adHocConnection>
            <ipxact:name>ahbl2apb0.ahbl_hrdata_o.31:0</ipxact:name>
            <ipxact:portReferences>
                <ipxact:internalPortReference componentRef="ahbl2apb0" portRef="ahbl_hrdata_o">
                    <ipxact:partSelect>
                        <ipxact:range>
                            <ipxact:left>31</ipxact:left>
                            <ipxact:right>0</ipxact:right>
                        </ipxact:range>
                    </ipxact:partSelect>
                </ipxact:internalPortReference>
                <ipxact:externalPortReference portRef="ahbl_hrdata_o">
                    <ipxact:partSelect>
                        <ipxact:range>
                            <ipxact:left>31</ipxact:left>
                            <ipxact:right>0</ipxact:right>
                        </ipxact:range>
                    </ipxact:partSelect>
                </ipxact:externalPortReference>
            </ipxact:portReferences>
        </ipxact:adHocConnection>
        <ipxact:adHocConnection>
            <ipxact:name>ahbl2apb0.apb_pready_i</ipxact:name>
            <ipxact:portReferences>
                <ipxact:internalPortReference componentRef="ahbl2apb0" portRef="apb_pready_i"/>
                <ipxact:externalPortReference portRef="apb_pready_i"/>
            </ipxact:portReferences>
        </ipxact:adHocConnection>
        <ipxact:adHocConnection>
            <ipxact:name>ahbl2apb0.apb_pslverr_i</ipxact:name>
            <ipxact:portReferences>
                <ipxact:internalPortReference componentRef="ahbl2apb0" portRef="apb_pslverr_i"/>
                <ipxact:externalPortReference portRef="apb_pslverr_i"/>
            </ipxact:portReferences>
        </ipxact:adHocConnection>
        <ipxact:adHocConnection>
            <ipxact:name>ahbl2apb0.apb_prdata_i.31:0</ipxact:name>
            <ipxact:portReferences>
                <ipxact:internalPortReference componentRef="ahbl2apb0" portRef="apb_prdata_i">
                    <ipxact:partSelect>
                        <ipxact:range>
                            <ipxact:left>31</ipxact:left>
                            <ipxact:right>0</ipxact:right>
                        </ipxact:range>
                    </ipxact:partSelect>
                </ipxact:internalPortReference>
                <ipxact:externalPortReference portRef="apb_prdata_i">
                    <ipxact:partSelect>
                        <ipxact:range>
                            <ipxact:left>31</ipxact:left>
                            <ipxact:right>0</ipxact:right>
                        </ipxact:range>
                    </ipxact:partSelect>
                </ipxact:externalPortReference>
            </ipxact:portReferences>
        </ipxact:adHocConnection>
        <ipxact:adHocConnection>
            <ipxact:name>ahbl2apb0.apb_psel_o</ipxact:name>
            <ipxact:portReferences>
                <ipxact:internalPortReference componentRef="ahbl2apb0" portRef="apb_psel_o"/>
                <ipxact:externalPortReference portRef="apb_psel_o"/>
            </ipxact:portReferences>
        </ipxact:adHocConnection>
        <ipxact:adHocConnection>
            <ipxact:name>ahbl2apb0.apb_paddr_o.31:0</ipxact:name>
            <ipxact:portReferences>
                <ipxact:internalPortReference componentRef="ahbl2apb0" portRef="apb_paddr_o">
                    <ipxact:partSelect>
                        <ipxact:range>
                            <ipxact:left>31</ipxact:left>
                            <ipxact:right>0</ipxact:right>
                        </ipxact:range>
                    </ipxact:partSelect>
                </ipxact:internalPortReference>
                <ipxact:externalPortReference portRef="apb_paddr_o">
                    <ipxact:partSelect>
                        <ipxact:range>
                            <ipxact:left>31</ipxact:left>
                            <ipxact:right>0</ipxact:right>
                        </ipxact:range>
                    </ipxact:partSelect>
                </ipxact:externalPortReference>
            </ipxact:portReferences>
        </ipxact:adHocConnection>
        <ipxact:adHocConnection>
            <ipxact:name>ahbl2apb0.apb_pwrite_o</ipxact:name>
            <ipxact:portReferences>
                <ipxact:internalPortReference componentRef="ahbl2apb0" portRef="apb_pwrite_o"/>
                <ipxact:externalPortReference portRef="apb_pwrite_o"/>
            </ipxact:portReferences>
        </ipxact:adHocConnection>
        <ipxact:adHocConnection>
            <ipxact:name>ahbl2apb0.apb_pwdata_o.31:0</ipxact:name>
            <ipxact:portReferences>
                <ipxact:internalPortReference componentRef="ahbl2apb0" portRef="apb_pwdata_o">
                    <ipxact:partSelect>
                        <ipxact:range>
                            <ipxact:left>31</ipxact:left>
                            <ipxact:right>0</ipxact:right>
                        </ipxact:range>
                    </ipxact:partSelect>
                </ipxact:internalPortReference>
                <ipxact:externalPortReference portRef="apb_pwdata_o">
                    <ipxact:partSelect>
                        <ipxact:range>
                            <ipxact:left>31</ipxact:left>
                            <ipxact:right>0</ipxact:right>
                        </ipxact:range>
                    </ipxact:partSelect>
                </ipxact:externalPortReference>
            </ipxact:portReferences>
        </ipxact:adHocConnection>
        <ipxact:adHocConnection>
            <ipxact:name>ahbl2apb0.apb_penable_o</ipxact:name>
            <ipxact:portReferences>
                <ipxact:internalPortReference componentRef="ahbl2apb0" portRef="apb_penable_o"/>
                <ipxact:externalPortReference portRef="apb_penable_o"/>
            </ipxact:portReferences>
        </ipxact:adHocConnection>
    </ipxact:adHocConnections>
</ipxact:design>
