<?xml version="1.0" ?>
<ipxact:component xmlns:ipxact="http://www.accellera.org/XMLSchema/IPXACT/1685-2014" xmlns:lattice="http://www.latticesemi.com/lattice" xmlns:lsccip="http://www.latticesemi.com/XMLSchema/Radiant/ip">
    <ipxact:vendor>latticesemi.com</ipxact:vendor>
    <ipxact:library>ip</ipxact:library>
    <ipxact:name>gpio0</ipxact:name>
    <ipxact:version>1.6.2</ipxact:version>
    <ipxact:busInterfaces>
        <ipxact:busInterface>
            <ipxact:name>APB_S0</ipxact:name>
            <ipxact:displayName>APB_S0</ipxact:displayName>
            <ipxact:description>APB slave port</ipxact:description>
            <ipxact:busType library="AMBA3" name="APB" vendor="amba.com" version="r1p0"/>
            <ipxact:abstractionTypes>
                <ipxact:abstractionType>
                    <ipxact:abstractionRef library="AMBA3" name="APB_rtl" vendor="amba.com" version="r1p0"/>
                    <ipxact:portMaps>
                        <ipxact:portMap>
                            <ipxact:logicalPort>
                                <ipxact:name>PADDR</ipxact:name>
                            </ipxact:logicalPort>
                            <ipxact:physicalPort>
                                <ipxact:name>apb_paddr_i</ipxact:name>
                            </ipxact:physicalPort>
                        </ipxact:portMap>
                        <ipxact:portMap>
                            <ipxact:logicalPort>
                                <ipxact:name>PSELx</ipxact:name>
                            </ipxact:logicalPort>
                            <ipxact:physicalPort>
                                <ipxact:name>apb_psel_i</ipxact:name>
                            </ipxact:physicalPort>
                        </ipxact:portMap>
                        <ipxact:portMap>
                            <ipxact:logicalPort>
                                <ipxact:name>PENABLE</ipxact:name>
                            </ipxact:logicalPort>
                            <ipxact:physicalPort>
                                <ipxact:name>apb_penable_i</ipxact:name>
                            </ipxact:physicalPort>
                        </ipxact:portMap>
                        <ipxact:portMap>
                            <ipxact:logicalPort>
                                <ipxact:name>PWRITE</ipxact:name>
                            </ipxact:logicalPort>
                            <ipxact:physicalPort>
                                <ipxact:name>apb_pwrite_i</ipxact:name>
                            </ipxact:physicalPort>
                        </ipxact:portMap>
                        <ipxact:portMap>
                            <ipxact:logicalPort>
                                <ipxact:name>PRDATA</ipxact:name>
                            </ipxact:logicalPort>
                            <ipxact:physicalPort>
                                <ipxact:name>apb_prdata_o</ipxact:name>
                            </ipxact:physicalPort>
                        </ipxact:portMap>
                        <ipxact:portMap>
                            <ipxact:logicalPort>
                                <ipxact:name>PWDATA</ipxact:name>
                            </ipxact:logicalPort>
                            <ipxact:physicalPort>
                                <ipxact:name>apb_pwdata_i</ipxact:name>
                            </ipxact:physicalPort>
                        </ipxact:portMap>
                        <ipxact:portMap>
                            <ipxact:logicalPort>
                                <ipxact:name>PREADY</ipxact:name>
                            </ipxact:logicalPort>
                            <ipxact:physicalPort>
                                <ipxact:name>apb_pready_o</ipxact:name>
                            </ipxact:physicalPort>
                        </ipxact:portMap>
                        <ipxact:portMap>
                            <ipxact:logicalPort>
                                <ipxact:name>PSLVERR</ipxact:name>
                            </ipxact:logicalPort>
                            <ipxact:physicalPort>
                                <ipxact:name>apb_pslverr_o</ipxact:name>
                            </ipxact:physicalPort>
                        </ipxact:portMap>
                    </ipxact:portMaps>
                </ipxact:abstractionType>
            </ipxact:abstractionTypes>
            <ipxact:slave>
                <ipxact:memoryMapRef memoryMapRef="gpio_mem_map"/>
            </ipxact:slave>
        </ipxact:busInterface>
        <ipxact:busInterface>
            <ipxact:name>INTR</ipxact:name>
            <ipxact:displayName>INTR</ipxact:displayName>
            <ipxact:description>Interrupt Request</ipxact:description>
            <ipxact:busType library="busdef.interrupt" name="interrupt" vendor="spiritconsortium.org" version="1.0"/>
            <ipxact:abstractionTypes>
                <ipxact:abstractionType>
                    <ipxact:abstractionRef library="busdef.interrupt" name="interrupt_rtl" vendor="spiritconsortium.org" version="1.0"/>
                    <ipxact:portMaps>
                        <ipxact:portMap>
                            <ipxact:logicalPort>
                                <ipxact:name>IRQ</ipxact:name>
                            </ipxact:logicalPort>
                            <ipxact:physicalPort>
                                <ipxact:name>int_o</ipxact:name>
                            </ipxact:physicalPort>
                        </ipxact:portMap>
                    </ipxact:portMaps>
                </ipxact:abstractionType>
            </ipxact:abstractionTypes>
            <ipxact:master/>
        </ipxact:busInterface>
    </ipxact:busInterfaces>
    <ipxact:memoryMaps>
        <ipxact:memoryMap>
            <ipxact:name>gpio_mem_map</ipxact:name>
            <ipxact:description>GPIO memory map</ipxact:description>
            <ipxact:addressBlock>
                <ipxact:name>GPIO_Registers</ipxact:name>
                <ipxact:baseAddress>0</ipxact:baseAddress>
                <ipxact:range>64</ipxact:range>
                <ipxact:width>32</ipxact:width>
                <ipxact:register>
                    <ipxact:name>RD_DATA_REG</ipxact:name>
                    <ipxact:displayName>Read_Data_Register</ipxact:displayName>
                    <ipxact:description>Read Data Register</ipxact:description>
                    <ipxact:addressOffset>0</ipxact:addressOffset>
                    <ipxact:size>32</ipxact:size>
                    <ipxact:volatile>true</ipxact:volatile>
                    <ipxact:access>read-only</ipxact:access>
                    <ipxact:field>
                        <ipxact:name>rd_data</ipxact:name>
                        <ipxact:displayName>Read_GPIO</ipxact:displayName>
                        <ipxact:description>Read actual values of GPIO's</ipxact:description>
                        <ipxact:bitOffset>0</ipxact:bitOffset>
                        <ipxact:bitWidth>8</ipxact:bitWidth>
                        <ipxact:volatile>true</ipxact:volatile>
                        <ipxact:access>read-only</ipxact:access>
                        <ipxact:testable testConstraint="unconstrained">false</ipxact:testable>
                    </ipxact:field>
                </ipxact:register>
                <ipxact:register>
                    <ipxact:name>WR_DATA_REG</ipxact:name>
                    <ipxact:displayName>Write_Data_Register</ipxact:displayName>
                    <ipxact:description>Write Data Register</ipxact:description>
                    <ipxact:addressOffset>4</ipxact:addressOffset>
                    <ipxact:size>32</ipxact:size>
                    <ipxact:volatile>true</ipxact:volatile>
                    <ipxact:access>read-write</ipxact:access>
                    <ipxact:field>
                        <ipxact:name>wr_data</ipxact:name>
                        <ipxact:displayName>Write_GPIO</ipxact:displayName>
                        <ipxact:description>Write GPIO output register</ipxact:description>
                        <ipxact:bitOffset>0</ipxact:bitOffset>
                        <ipxact:bitWidth>8</ipxact:bitWidth>
                        <ipxact:volatile>true</ipxact:volatile>
                        <ipxact:access>read-write</ipxact:access>
                        <ipxact:testable testConstraint="unconstrained">false</ipxact:testable>
                    </ipxact:field>
                </ipxact:register>
                <ipxact:register>
                    <ipxact:name>SET_DATA_REG</ipxact:name>
                    <ipxact:displayName>Set_Data_Register</ipxact:displayName>
                    <ipxact:description>Set Data Register</ipxact:description>
                    <ipxact:addressOffset>8</ipxact:addressOffset>
                    <ipxact:size>32</ipxact:size>
                    <ipxact:volatile>true</ipxact:volatile>
                    <ipxact:access>write-only</ipxact:access>
                    <ipxact:field>
                        <ipxact:name>set_data</ipxact:name>
                        <ipxact:displayName>Set_GPIO</ipxact:displayName>
                        <ipxact:description>Set GPIO output register</ipxact:description>
                        <ipxact:bitOffset>0</ipxact:bitOffset>
                        <ipxact:bitWidth>8</ipxact:bitWidth>
                        <ipxact:volatile>true</ipxact:volatile>
                        <ipxact:access>write-only</ipxact:access>
                        <ipxact:testable testConstraint="unconstrained">false</ipxact:testable>
                    </ipxact:field>
                </ipxact:register>
                <ipxact:register>
                    <ipxact:name>CLEAR_DATA_REG</ipxact:name>
                    <ipxact:displayName>Clear_Data_Register</ipxact:displayName>
                    <ipxact:description>Clear Data Register</ipxact:description>
                    <ipxact:addressOffset>12</ipxact:addressOffset>
                    <ipxact:size>32</ipxact:size>
                    <ipxact:volatile>true</ipxact:volatile>
                    <ipxact:access>write-only</ipxact:access>
                    <ipxact:field>
                        <ipxact:name>clear_data</ipxact:name>
                        <ipxact:displayName>Clear_GPIO</ipxact:displayName>
                        <ipxact:description>Clear GPIO output register</ipxact:description>
                        <ipxact:bitOffset>0</ipxact:bitOffset>
                        <ipxact:bitWidth>8</ipxact:bitWidth>
                        <ipxact:volatile>true</ipxact:volatile>
                        <ipxact:access>write-only</ipxact:access>
                        <ipxact:testable testConstraint="unconstrained">false</ipxact:testable>
                    </ipxact:field>
                </ipxact:register>
                <ipxact:register>
                    <ipxact:name>DIRECTION_REG</ipxact:name>
                    <ipxact:displayName>Direction_Register</ipxact:displayName>
                    <ipxact:description>Direction Register</ipxact:description>
                    <ipxact:addressOffset>16</ipxact:addressOffset>
                    <ipxact:size>32</ipxact:size>
                    <ipxact:volatile>true</ipxact:volatile>
                    <ipxact:access>read-write</ipxact:access>
                    <ipxact:field>
                        <ipxact:name>direction_reg</ipxact:name>
                        <ipxact:displayName>Direction_GPIO</ipxact:displayName>
                        <ipxact:description>GPIO Direction register</ipxact:description>
                        <ipxact:bitOffset>0</ipxact:bitOffset>
                        <ipxact:bitWidth>8</ipxact:bitWidth>
                        <ipxact:volatile>true</ipxact:volatile>
                        <ipxact:access>read-write</ipxact:access>
                        <ipxact:testable testConstraint="unconstrained">false</ipxact:testable>
                    </ipxact:field>
                </ipxact:register>
                <ipxact:register>
                    <ipxact:name>INT_TYPE_REG</ipxact:name>
                    <ipxact:displayName>Interrupt_Type_Register</ipxact:displayName>
                    <ipxact:description>Interrupt Type Register</ipxact:description>
                    <ipxact:addressOffset>20</ipxact:addressOffset>
                    <ipxact:size>32</ipxact:size>
                    <ipxact:volatile>true</ipxact:volatile>
                    <ipxact:access>read-write</ipxact:access>
                    <ipxact:field>
                        <ipxact:name>int_type</ipxact:name>
                        <ipxact:displayName>Interrupt_Type_Register</ipxact:displayName>
                        <ipxact:description>Interrupt Type Cofiguration Register, 1-Edge, 0-Level</ipxact:description>
                        <ipxact:bitOffset>0</ipxact:bitOffset>
                        <ipxact:bitWidth>8</ipxact:bitWidth>
                        <ipxact:volatile>true</ipxact:volatile>
                        <ipxact:access>read-write</ipxact:access>
                        <ipxact:testable testConstraint="unconstrained">false</ipxact:testable>
                    </ipxact:field>
                </ipxact:register>
                <ipxact:register>
                    <ipxact:name>INT_METHOD_REG</ipxact:name>
                    <ipxact:displayName>Interrupt_Method_Register</ipxact:displayName>
                    <ipxact:description>Interrupt Method Register</ipxact:description>
                    <ipxact:addressOffset>24</ipxact:addressOffset>
                    <ipxact:size>32</ipxact:size>
                    <ipxact:volatile>true</ipxact:volatile>
                    <ipxact:access>read-write</ipxact:access>
                    <ipxact:field>
                        <ipxact:name>int_method</ipxact:name>
                        <ipxact:displayName>Interrupt_Method_Register</ipxact:displayName>
                        <ipxact:description>Interrupt Method Register, if Interrupt Type is Edge` 1-Rising edge 0-faling edge, if Interrupt Type is Level` 1-High level, 0-Low level</ipxact:description>
                        <ipxact:bitOffset>0</ipxact:bitOffset>
                        <ipxact:bitWidth>8</ipxact:bitWidth>
                        <ipxact:volatile>true</ipxact:volatile>
                        <ipxact:access>read-write</ipxact:access>
                        <ipxact:testable testConstraint="unconstrained">false</ipxact:testable>
                    </ipxact:field>
                </ipxact:register>
                <ipxact:register>
                    <ipxact:name>INT_STATUS_REG</ipxact:name>
                    <ipxact:displayName>Interrupt_Status_Register</ipxact:displayName>
                    <ipxact:description>Interrupt Status Register</ipxact:description>
                    <ipxact:addressOffset>28</ipxact:addressOffset>
                    <ipxact:size>32</ipxact:size>
                    <ipxact:volatile>true</ipxact:volatile>
                    <ipxact:access>read-write</ipxact:access>
                    <ipxact:field>
                        <ipxact:name>int_status</ipxact:name>
                        <ipxact:displayName>Interrupt_Status_Register</ipxact:displayName>
                        <ipxact:description>Interrupt Status Register, indicates interrupt status</ipxact:description>
                        <ipxact:bitOffset>0</ipxact:bitOffset>
                        <ipxact:bitWidth>8</ipxact:bitWidth>
                        <ipxact:volatile>true</ipxact:volatile>
                        <ipxact:access>read-write</ipxact:access>
                        <ipxact:testable testConstraint="unconstrained">false</ipxact:testable>
                    </ipxact:field>
                </ipxact:register>
                <ipxact:register>
                    <ipxact:name>INT_ENABLE_REG</ipxact:name>
                    <ipxact:displayName>Interrupt_Enable_Register</ipxact:displayName>
                    <ipxact:description>Interrupt Enable Register</ipxact:description>
                    <ipxact:addressOffset>32</ipxact:addressOffset>
                    <ipxact:size>32</ipxact:size>
                    <ipxact:volatile>true</ipxact:volatile>
                    <ipxact:access>read-write</ipxact:access>
                    <ipxact:field>
                        <ipxact:name>Int_enable</ipxact:name>
                        <ipxact:displayName>Interrupt_Enable_Register</ipxact:displayName>
                        <ipxact:description>Interrupt Enable Register, enables appropriate channel interrupt</ipxact:description>
                        <ipxact:bitOffset>0</ipxact:bitOffset>
                        <ipxact:bitWidth>8</ipxact:bitWidth>
                        <ipxact:volatile>true</ipxact:volatile>
                        <ipxact:access>read-write</ipxact:access>
                        <ipxact:testable testConstraint="unconstrained">false</ipxact:testable>
                    </ipxact:field>
                </ipxact:register>
                <ipxact:register>
                    <ipxact:name>INT_SET_REG</ipxact:name>
                    <ipxact:displayName>Interrupt_Set_Register</ipxact:displayName>
                    <ipxact:description>Interrupt Set Register</ipxact:description>
                    <ipxact:addressOffset>36</ipxact:addressOffset>
                    <ipxact:size>32</ipxact:size>
                    <ipxact:volatile>true</ipxact:volatile>
                    <ipxact:access>write-only</ipxact:access>
                    <ipxact:field>
                        <ipxact:name>int_set</ipxact:name>
                        <ipxact:displayName>Interrupt_Set_Register</ipxact:displayName>
                        <ipxact:description>Interrupt Set Register, user can generate interrupt by writing '1' to the corresponding bit of this register</ipxact:description>
                        <ipxact:bitOffset>0</ipxact:bitOffset>
                        <ipxact:bitWidth>8</ipxact:bitWidth>
                        <ipxact:volatile>true</ipxact:volatile>
                        <ipxact:access>write-only</ipxact:access>
                        <ipxact:testable testConstraint="unconstrained">false</ipxact:testable>
                    </ipxact:field>
                </ipxact:register>
            </ipxact:addressBlock>
        </ipxact:memoryMap>
    </ipxact:memoryMaps>
    <ipxact:model>
        <ipxact:instantiations>
            <ipxact:componentInstantiation>
                <ipxact:name>gpio0</ipxact:name>
            </ipxact:componentInstantiation>
            <ipxact:designInstantiation>
                <ipxact:name>gpio0_design</ipxact:name>
                <ipxact:designRef library="ip" name="gpio0" vendor="latticesemi.com" version="1.6.2"/>
            </ipxact:designInstantiation>
        </ipxact:instantiations>
        <ipxact:ports>
            <ipxact:port>
                <ipxact:name>gpio_io</ipxact:name>
                <ipxact:displayName>gpio_io</ipxact:displayName>
                <ipxact:wire>
                    <ipxact:direction>inout</ipxact:direction>
                    <ipxact:vectors>
                        <ipxact:vector>
                            <ipxact:left>7</ipxact:left>
                            <ipxact:right>0</ipxact:right>
                        </ipxact:vector>
                    </ipxact:vectors>
                </ipxact:wire>
            </ipxact:port>
            <ipxact:port>
                <ipxact:name>clk_i</ipxact:name>
                <ipxact:displayName>clk_i</ipxact:displayName>
                <ipxact:wire>
                    <ipxact:direction>in</ipxact:direction>
                </ipxact:wire>
                <ipxact:vendorExtensions>
                    <lsccip:isClk>true</lsccip:isClk>
                </ipxact:vendorExtensions>
            </ipxact:port>
            <ipxact:port>
                <ipxact:name>resetn_i</ipxact:name>
                <ipxact:displayName>resetn_i</ipxact:displayName>
                <ipxact:wire>
                    <ipxact:direction>in</ipxact:direction>
                </ipxact:wire>
                <ipxact:vendorExtensions>
                    <lsccip:isRst>true</lsccip:isRst>
                </ipxact:vendorExtensions>
            </ipxact:port>
            <ipxact:port>
                <ipxact:name>apb_penable_i</ipxact:name>
                <ipxact:displayName>apb_penable_i</ipxact:displayName>
                <ipxact:wire>
                    <ipxact:direction>in</ipxact:direction>
                </ipxact:wire>
            </ipxact:port>
            <ipxact:port>
                <ipxact:name>apb_psel_i</ipxact:name>
                <ipxact:displayName>apb_psel_i</ipxact:displayName>
                <ipxact:wire>
                    <ipxact:direction>in</ipxact:direction>
                </ipxact:wire>
            </ipxact:port>
            <ipxact:port>
                <ipxact:name>apb_pwrite_i</ipxact:name>
                <ipxact:displayName>apb_pwrite_i</ipxact:displayName>
                <ipxact:wire>
                    <ipxact:direction>in</ipxact:direction>
                </ipxact:wire>
            </ipxact:port>
            <ipxact:port>
                <ipxact:name>apb_paddr_i</ipxact:name>
                <ipxact:displayName>apb_paddr_i</ipxact:displayName>
                <ipxact:wire>
                    <ipxact:direction>in</ipxact:direction>
                    <ipxact:vectors>
                        <ipxact:vector>
                            <ipxact:left>5</ipxact:left>
                            <ipxact:right>0</ipxact:right>
                        </ipxact:vector>
                    </ipxact:vectors>
                </ipxact:wire>
            </ipxact:port>
            <ipxact:port>
                <ipxact:name>apb_pwdata_i</ipxact:name>
                <ipxact:displayName>apb_pwdata_i</ipxact:displayName>
                <ipxact:wire>
                    <ipxact:direction>in</ipxact:direction>
                    <ipxact:vectors>
                        <ipxact:vector>
                            <ipxact:left>31</ipxact:left>
                            <ipxact:right>0</ipxact:right>
                        </ipxact:vector>
                    </ipxact:vectors>
                </ipxact:wire>
            </ipxact:port>
            <ipxact:port>
                <ipxact:name>apb_prdata_o</ipxact:name>
                <ipxact:displayName>apb_prdata_o</ipxact:displayName>
                <ipxact:wire>
                    <ipxact:direction>out</ipxact:direction>
                    <ipxact:vectors>
                        <ipxact:vector>
                            <ipxact:left>31</ipxact:left>
                            <ipxact:right>0</ipxact:right>
                        </ipxact:vector>
                    </ipxact:vectors>
                </ipxact:wire>
            </ipxact:port>
            <ipxact:port>
                <ipxact:name>apb_pslverr_o</ipxact:name>
                <ipxact:displayName>apb_pslverr_o</ipxact:displayName>
                <ipxact:wire>
                    <ipxact:direction>out</ipxact:direction>
                </ipxact:wire>
            </ipxact:port>
            <ipxact:port>
                <ipxact:name>apb_pready_o</ipxact:name>
                <ipxact:displayName>apb_pready_o</ipxact:displayName>
                <ipxact:wire>
                    <ipxact:direction>out</ipxact:direction>
                </ipxact:wire>
            </ipxact:port>
            <ipxact:port>
                <ipxact:name>int_o</ipxact:name>
                <ipxact:displayName>int_o</ipxact:displayName>
                <ipxact:wire>
                    <ipxact:direction>out</ipxact:direction>
                </ipxact:wire>
            </ipxact:port>
        </ipxact:ports>
    </ipxact:model>
    <ipxact:fileSets>
        <ipxact:fileSet>
            <ipxact:name>ipx_file_list</ipxact:name>
            <ipxact:file>
                <ipxact:name>rtl/gpio0_bb.v</ipxact:name>
                <ipxact:fileType user="black_box_verilog">user</ipxact:fileType>
            </ipxact:file>
            <ipxact:file>
                <ipxact:name>gpio0.cfg</ipxact:name>
                <ipxact:fileType user="cfg">user</ipxact:fileType>
            </ipxact:file>
            <ipxact:file>
                <ipxact:name>misc/gpio0_tmpl.v</ipxact:name>
                <ipxact:fileType user="template_verilog">user</ipxact:fileType>
            </ipxact:file>
            <ipxact:file>
                <ipxact:name>misc/gpio0_tmpl.vhd</ipxact:name>
                <ipxact:fileType user="template_vhdl">user</ipxact:fileType>
            </ipxact:file>
            <ipxact:file>
                <ipxact:name>rtl/gpio0.v</ipxact:name>
                <ipxact:fileType user="top_level_verilog">user</ipxact:fileType>
            </ipxact:file>
            <ipxact:file>
                <ipxact:name>testbench/dut_params.v</ipxact:name>
                <ipxact:fileType user="dependency_file">user</ipxact:fileType>
            </ipxact:file>
            <ipxact:file>
                <ipxact:name>testbench/dut_inst.v</ipxact:name>
                <ipxact:fileType user="dependency_file">user</ipxact:fileType>
            </ipxact:file>
            <ipxact:file>
                <ipxact:name>design.xml</ipxact:name>
                <ipxact:fileType user="IP-XACT_design">user</ipxact:fileType>
            </ipxact:file>
            <ipxact:file>
                <ipxact:name>testbench/lscc_lmmi2apb.v</ipxact:name>
                <ipxact:fileType user="testbench_verilog">user</ipxact:fileType>
            </ipxact:file>
            <ipxact:file>
                <ipxact:name>testbench/tb_top.v</ipxact:name>
                <ipxact:fileType user="testbench_verilog">user</ipxact:fileType>
            </ipxact:file>
            <ipxact:file>
                <ipxact:name>driver/gpio.c</ipxact:name>
                <ipxact:fileType user="driver_source">user</ipxact:fileType>
            </ipxact:file>
            <ipxact:file>
                <ipxact:name>driver/gpio.h</ipxact:name>
                <ipxact:fileType user="driver_header">user</ipxact:fileType>
            </ipxact:file>
            <ipxact:file>
                <ipxact:name>driver/gpio.xml</ipxact:name>
                <ipxact:fileType user="driver_metadata">user</ipxact:fileType>
            </ipxact:file>
            <ipxact:file>
                <ipxact:name>driver/gpio_regs.h</ipxact:name>
                <ipxact:fileType user="driver_header">user</ipxact:fileType>
            </ipxact:file>
        </ipxact:fileSet>
        <ipxact:fileSet>
            <ipxact:name>driver_file_list</ipxact:name>
            <ipxact:file>
                <ipxact:name>driver/gpio.c</ipxact:name>
                <ipxact:fileType user="driver_source">user</ipxact:fileType>
            </ipxact:file>
            <ipxact:file>
                <ipxact:name>driver/gpio.h</ipxact:name>
                <ipxact:fileType user="driver_header">user</ipxact:fileType>
            </ipxact:file>
            <ipxact:file>
                <ipxact:name>driver/gpio.xml</ipxact:name>
                <ipxact:fileType user="driver_metadata">user</ipxact:fileType>
            </ipxact:file>
            <ipxact:file>
                <ipxact:name>driver/gpio_regs.h</ipxact:name>
                <ipxact:fileType user="driver_header">user</ipxact:fileType>
            </ipxact:file>
        </ipxact:fileSet>
    </ipxact:fileSets>
    <ipxact:vendorExtensions>
        <lsccip:moduleRef lsccip:library="ip" lsccip:name="gpio" lsccip:vendor="latticesemi.com" lsccip:version="1.6.2"/>
        <lsccip:deviceInfo>
            <lsccip:device>LFCPNX-100</lsccip:device>
            <lsccip:device_int>jd5d80</lsccip:device_int>
            <lsccip:package>BBG484</lsccip:package>
            <lsccip:package_int>BBG484</lsccip:package_int>
            <lsccip:performanceGrade>8_High-Performance_1.0V</lsccip:performanceGrade>
            <lsccip:speed_int>11</lsccip:speed_int>
            <lsccip:operation>Commercial</lsccip:operation>
            <lsccip:family>LFCPNX</lsccip:family>
            <lsccip:architecture>jd5d00</lsccip:architecture>
            <lsccip:partnumber>LFCPNX-100-8BBG484C</lsccip:partnumber>
        </lsccip:deviceInfo>
        <lsccip:generationInfo>
            <lsccip:fileVersion>20180929</lsccip:fileVersion>
            <lsccip:createdTimestamp>2025 01 05 19:54:50</lsccip:createdTimestamp>
            <lsccip:radiantBuild>&quot;Lattice Propel&quot; (64-bit) 2024.1.2406150513_p</lsccip:radiantBuild>
        </lsccip:generationInfo>
    </ipxact:vendorExtensions>
</ipxact:component>
