Library, Design Unit ,Compile time , Hardware Gen ,Optimization Stg1 ,Optimization Stg2 , Peak Mem Usage, Incr Mem Usage, Hardware Gen ,Optimization Stg1 ,Optimization Stg2
work, lscc_ram_dp_true_inst_Z26_layer0,0h:00m:03s,0h:00m:03s,-,0h:00m:00s,   342 MB,    40 MB,    40 MB,     0 MB,     0 MB
work, system0_ipgen_lscc_mem_Z25_layer0,0h:00m:04s,0h:00m:04s,0h:00m:00s,0h:00m:00s,   342 MB,    42 MB,    42 MB,     0 MB,     0 MB
work, system0_ipgen_lscc_sys_mem_Z21_layer0,0h:00m:05s,0h:00m:05s,-,0h:00m:00s,   360 MB,    43 MB,    43 MB,     0 MB,     0 MB
work, cpu0_ipgen_Riscv_Dbg_IC,0h:00m:05s,0h:00m:00s,0h:00m:00s,0h:00m:04s,   419 MB,    79 MB,     3 MB,    24 MB,    52 MB
work, cpu0_ipgen_riscvsmall_Z14_layer0,0h:00m:03s,0h:00m:03s,0h:00m:00s,0h:00m:00s,   419 MB,    30 MB,    30 MB,     0 MB,     0 MB
work, apb0_ipgen_lscc_apb_interconnect_Z7_layer0,0h:00m:01s,0h:00m:01s,-,0h:00m:00s,   419 MB,     0 MB,     0 MB,     0 MB,     0 MB
work, ahbl0_ipgen_lscc_ahbl_interconnect_Z1_layer0,0h:00m:01s,0h:00m:01s,-,0h:00m:00s,   419 MB,     2 MB,     2 MB,     0 MB,     0 MB
