<?xml version="1.0" encoding="UTF-8" ?>
<lsccip:ip xmlns:lsccip="http://www.latticesemi.com/XMLSchema/Radiant/ip" xmlns:xi="http://www.w3.org/2001/XInclude" version="2.0" platform="Propel" platform_version="2024.1">
    <lsccip:general>
        <lsccip:vendor>JayFox</lsccip:vendor>
        <lsccip:library>my_ip</lsccip:library>
        <lsccip:name>nexus_adc</lsccip:name>
        <lsccip:display_name>nexus_adc</lsccip:display_name>
        <lsccip:version>2.0.0</lsccip:version>
        <lsccip:category>interfacing</lsccip:category>
        <lsccip:keywords>adc</lsccip:keywords>
        <lsccip:min_radiant_version>2024.1</lsccip:min_radiant_version>
        <lsccip:min_esi_version>2024.1</lsccip:min_esi_version>
        <lsccip:supported_products>
            <lsccip:supported_family name="*" />
            <lsccip:supported_family name="LFCPNX" />
            <lsccip:supported_family name="LFD2NX" />
            <lsccip:supported_family name="LFMXO5" />
            <lsccip:supported_family name="LIFCL" />
        </lsccip:supported_products>
        <lsccip:supported_platforms>
            <lsccip:supported_platform name="esi" />
            <lsccip:supported_platform name="radiant" />
        </lsccip:supported_platforms>
    </lsccip:general>
    <lsccip:settings>
        <lsccip:setting id="__dummy__"
                        type="param"
                        value_type="string"
                        conn_mod="apb_to_adc"
                        hidden="True"
         />
    </lsccip:settings>
    <lsccip:ports>
        <lsccip:port name="clk_i"
                     dir="in"
                     conn_mod="apb_to_adc"
         />
        <lsccip:port name="rst_n_i"
                     dir="in"
                     conn_mod="apb_to_adc"
         />
        <lsccip:port name="PSEL"
                     dir="in"
                     conn_mod="apb_to_adc"
                     bus_interface="APB_S0"
         />
        <lsccip:port name="PENABLE"
                     dir="in"
                     conn_mod="apb_to_adc"
                     bus_interface="APB_S0"
         />
        <lsccip:port name="PADDR"
                     dir="in"
                     conn_mod="apb_to_adc"
                     range="(7,0)"
                     bus_interface="APB_S0"
         />
        <lsccip:port name="PWRITE"
                     dir="in"
                     conn_mod="apb_to_adc"
                     bus_interface="APB_S0"
         />
        <lsccip:port name="PWDATA"
                     dir="in"
                     conn_mod="apb_to_adc"
                     range="(31,0)"
                     bus_interface="APB_S0"
         />
        <lsccip:port name="PRDATA"
                     dir="out"
                     conn_mod="apb_to_adc"
                     range="(31,0)"
                     bus_interface="APB_S0"
         />
        <lsccip:port name="PREADY"
                     dir="out"
                     conn_mod="apb_to_adc"
                     bus_interface="APB_S0"
         />
        <lsccip:port name="PSLVERR"
                     dir="out"
                     conn_mod="apb_to_adc"
                     bus_interface="APB_S0"
         />
        <lsccip:port name="alive"
                     dir="out"
                     conn_mod="apb_to_adc"
         />
        <lsccip:port name="pll_adc_i"
                     dir="in"
                     conn_mod="apb_to_adc"
         />
        <lsccip:port name="pll_fsm_i"
                     dir="in"
                     conn_mod="apb_to_adc"
         />
        <lsccip:port name="pll_lock_i"
                     dir="in"
                     conn_mod="apb_to_adc"
         />
        <lsccip:port name="adc_dn0"
                     dir="in"
                     conn_mod="apb_to_adc"
         />
        <lsccip:port name="adc_dn1"
                     dir="in"
                     conn_mod="apb_to_adc"
         />
        <lsccip:port name="adc_dp0"
                     dir="in"
                     conn_mod="apb_to_adc"
         />
        <lsccip:port name="adc_dp1"
                     dir="in"
                     conn_mod="apb_to_adc"
         />
    </lsccip:ports>
    <xi:include parse="xml" href="bus_interface.xml" />
    <xi:include parse="xml" href="memory_map.xml" />
</lsccip:ip>
