<?xml version="1.0" encoding="UTF-8"?>
<userSetting name="C:/workspace/SPI/MAS_OLED/HW_SOC/promote.xml" version="Diamond (64-bit) 2025.1.1.308.0" date="Mon Dec 08 20:58:45 2025" vendor="Lattice Semiconductor Corporation" >
  <msg mid="2046010" type="Info" internal="true" />
  <msg mid="2043232" type="Info" internal="true" />
  <msg mid="2044541" type="Warning" internal="true" />
  <msg mid="35901137" type="Warning" internal="true" />
  <msg mid="2043330" type="Warning" internal="true" />
  <msg mid="2043214" type="Warning" internal="true" />
  <msg mid="2043137" type="Error" internal="true" />
  <msg mid="2043018" type="Info" internal="true" />
  <msg mid="2046014" type="Info" internal="true" />
  <msg mid="2044561" type="Info" internal="true" />
  <msg mid="2046013" type="Info" internal="true" />
  <msg mid="2046012" type="Info" internal="true" />
  <msg mid="2043328" type="Info" internal="true" />
  <msg mid="2044320" type="Info" internal="true" />
  <msg mid="2046067" type="Info" internal="true" />
  <msg mid="2043231" type="Info" internal="true" />
  <msg mid="2043927" type="Warning" internal="true" />
  <msg mid="2043072" type="Error" internal="true" />
</userSetting>
