<?xml version="1.0" ?>
<ipxact:component xmlns:ipxact="http://www.accellera.org/XMLSchema/IPXACT/1685-2014" xmlns:lattice="http://www.latticesemi.com/lattice" xmlns:lsccip="http://www.latticesemi.com/XMLSchema/Radiant/ip">
    <ipxact:vendor>latticesemi.com</ipxact:vendor>
    <ipxact:library>ip</ipxact:library>
    <ipxact:name>sysmem0</ipxact:name>
    <ipxact:version>2.2.0</ipxact:version>
    <ipxact:busInterfaces>
        <ipxact:busInterface>
            <ipxact:name>AHBL_S0</ipxact:name>
            <ipxact:displayName>AHBL_S0</ipxact:displayName>
            <ipxact:description>AHB-Lite Slave Port S0</ipxact:description>
            <ipxact:busType library="AMBA3" name="AHBLite" vendor="amba.com" version="r1p0"/>
            <ipxact:abstractionTypes>
                <ipxact:abstractionType>
                    <ipxact:abstractionRef library="AMBA3" name="AHBLite_rtl" vendor="amba.com" version="r1p0"/>
                    <ipxact:portMaps>
                        <ipxact:portMap>
                            <ipxact:logicalPort>
                                <ipxact:name>HSELx</ipxact:name>
                            </ipxact:logicalPort>
                            <ipxact:physicalPort>
                                <ipxact:name>ahbl_s0_hsel_i</ipxact:name>
                            </ipxact:physicalPort>
                        </ipxact:portMap>
                        <ipxact:portMap>
                            <ipxact:logicalPort>
                                <ipxact:name>HREADY</ipxact:name>
                            </ipxact:logicalPort>
                            <ipxact:physicalPort>
                                <ipxact:name>ahbl_s0_hready_i</ipxact:name>
                            </ipxact:physicalPort>
                        </ipxact:portMap>
                        <ipxact:portMap>
                            <ipxact:logicalPort>
                                <ipxact:name>HADDR</ipxact:name>
                            </ipxact:logicalPort>
                            <ipxact:physicalPort>
                                <ipxact:name>ahbl_s0_haddr_i</ipxact:name>
                            </ipxact:physicalPort>
                        </ipxact:portMap>
                        <ipxact:portMap>
                            <ipxact:logicalPort>
                                <ipxact:name>HBURST</ipxact:name>
                            </ipxact:logicalPort>
                            <ipxact:physicalPort>
                                <ipxact:name>ahbl_s0_hburst_i</ipxact:name>
                            </ipxact:physicalPort>
                        </ipxact:portMap>
                        <ipxact:portMap>
                            <ipxact:logicalPort>
                                <ipxact:name>HSIZE</ipxact:name>
                            </ipxact:logicalPort>
                            <ipxact:physicalPort>
                                <ipxact:name>ahbl_s0_hsize_i</ipxact:name>
                            </ipxact:physicalPort>
                        </ipxact:portMap>
                        <ipxact:portMap>
                            <ipxact:logicalPort>
                                <ipxact:name>HMASTLOCK</ipxact:name>
                            </ipxact:logicalPort>
                            <ipxact:physicalPort>
                                <ipxact:name>ahbl_s0_hmastlock_i</ipxact:name>
                            </ipxact:physicalPort>
                        </ipxact:portMap>
                        <ipxact:portMap>
                            <ipxact:logicalPort>
                                <ipxact:name>HPROT</ipxact:name>
                            </ipxact:logicalPort>
                            <ipxact:physicalPort>
                                <ipxact:name>ahbl_s0_hprot_i</ipxact:name>
                            </ipxact:physicalPort>
                        </ipxact:portMap>
                        <ipxact:portMap>
                            <ipxact:logicalPort>
                                <ipxact:name>HTRANS</ipxact:name>
                            </ipxact:logicalPort>
                            <ipxact:physicalPort>
                                <ipxact:name>ahbl_s0_htrans_i</ipxact:name>
                            </ipxact:physicalPort>
                        </ipxact:portMap>
                        <ipxact:portMap>
                            <ipxact:logicalPort>
                                <ipxact:name>HWRITE</ipxact:name>
                            </ipxact:logicalPort>
                            <ipxact:physicalPort>
                                <ipxact:name>ahbl_s0_hwrite_i</ipxact:name>
                            </ipxact:physicalPort>
                        </ipxact:portMap>
                        <ipxact:portMap>
                            <ipxact:logicalPort>
                                <ipxact:name>HWDATA</ipxact:name>
                            </ipxact:logicalPort>
                            <ipxact:physicalPort>
                                <ipxact:name>ahbl_s0_hwdata_i</ipxact:name>
                            </ipxact:physicalPort>
                        </ipxact:portMap>
                        <ipxact:portMap>
                            <ipxact:logicalPort>
                                <ipxact:name>HREADYOUT</ipxact:name>
                            </ipxact:logicalPort>
                            <ipxact:physicalPort>
                                <ipxact:name>ahbl_s0_hreadyout_o</ipxact:name>
                            </ipxact:physicalPort>
                        </ipxact:portMap>
                        <ipxact:portMap>
                            <ipxact:logicalPort>
                                <ipxact:name>HRESP</ipxact:name>
                            </ipxact:logicalPort>
                            <ipxact:physicalPort>
                                <ipxact:name>ahbl_s0_hresp_o</ipxact:name>
                            </ipxact:physicalPort>
                        </ipxact:portMap>
                        <ipxact:portMap>
                            <ipxact:logicalPort>
                                <ipxact:name>HRDATA</ipxact:name>
                            </ipxact:logicalPort>
                            <ipxact:physicalPort>
                                <ipxact:name>ahbl_s0_hrdata_o</ipxact:name>
                            </ipxact:physicalPort>
                        </ipxact:portMap>
                    </ipxact:portMaps>
                </ipxact:abstractionType>
            </ipxact:abstractionTypes>
            <ipxact:slave>
                <ipxact:memoryMapRef memoryMapRef="ahbl_slv0_model_mem_map"/>
            </ipxact:slave>
        </ipxact:busInterface>
        <ipxact:busInterface>
            <ipxact:name>AHBL_S1</ipxact:name>
            <ipxact:displayName>AHBL_S1</ipxact:displayName>
            <ipxact:description>AHB-Lite Slave Port S1</ipxact:description>
            <ipxact:busType library="AMBA3" name="AHBLite" vendor="amba.com" version="r1p0"/>
            <ipxact:abstractionTypes>
                <ipxact:abstractionType>
                    <ipxact:abstractionRef library="AMBA3" name="AHBLite_rtl" vendor="amba.com" version="r1p0"/>
                    <ipxact:portMaps>
                        <ipxact:portMap>
                            <ipxact:logicalPort>
                                <ipxact:name>HSELx</ipxact:name>
                            </ipxact:logicalPort>
                            <ipxact:physicalPort>
                                <ipxact:name>ahbl_s1_hsel_i</ipxact:name>
                            </ipxact:physicalPort>
                        </ipxact:portMap>
                        <ipxact:portMap>
                            <ipxact:logicalPort>
                                <ipxact:name>HREADY</ipxact:name>
                            </ipxact:logicalPort>
                            <ipxact:physicalPort>
                                <ipxact:name>ahbl_s1_hready_i</ipxact:name>
                            </ipxact:physicalPort>
                        </ipxact:portMap>
                        <ipxact:portMap>
                            <ipxact:logicalPort>
                                <ipxact:name>HADDR</ipxact:name>
                            </ipxact:logicalPort>
                            <ipxact:physicalPort>
                                <ipxact:name>ahbl_s1_haddr_i</ipxact:name>
                            </ipxact:physicalPort>
                        </ipxact:portMap>
                        <ipxact:portMap>
                            <ipxact:logicalPort>
                                <ipxact:name>HBURST</ipxact:name>
                            </ipxact:logicalPort>
                            <ipxact:physicalPort>
                                <ipxact:name>ahbl_s1_hburst_i</ipxact:name>
                            </ipxact:physicalPort>
                        </ipxact:portMap>
                        <ipxact:portMap>
                            <ipxact:logicalPort>
                                <ipxact:name>HSIZE</ipxact:name>
                            </ipxact:logicalPort>
                            <ipxact:physicalPort>
                                <ipxact:name>ahbl_s1_hsize_i</ipxact:name>
                            </ipxact:physicalPort>
                        </ipxact:portMap>
                        <ipxact:portMap>
                            <ipxact:logicalPort>
                                <ipxact:name>HMASTLOCK</ipxact:name>
                            </ipxact:logicalPort>
                            <ipxact:physicalPort>
                                <ipxact:name>ahbl_s1_hmastlock_i</ipxact:name>
                            </ipxact:physicalPort>
                        </ipxact:portMap>
                        <ipxact:portMap>
                            <ipxact:logicalPort>
                                <ipxact:name>HPROT</ipxact:name>
                            </ipxact:logicalPort>
                            <ipxact:physicalPort>
                                <ipxact:name>ahbl_s1_hprot_i</ipxact:name>
                            </ipxact:physicalPort>
                        </ipxact:portMap>
                        <ipxact:portMap>
                            <ipxact:logicalPort>
                                <ipxact:name>HTRANS</ipxact:name>
                            </ipxact:logicalPort>
                            <ipxact:physicalPort>
                                <ipxact:name>ahbl_s1_htrans_i</ipxact:name>
                            </ipxact:physicalPort>
                        </ipxact:portMap>
                        <ipxact:portMap>
                            <ipxact:logicalPort>
                                <ipxact:name>HWRITE</ipxact:name>
                            </ipxact:logicalPort>
                            <ipxact:physicalPort>
                                <ipxact:name>ahbl_s1_hwrite_i</ipxact:name>
                            </ipxact:physicalPort>
                        </ipxact:portMap>
                        <ipxact:portMap>
                            <ipxact:logicalPort>
                                <ipxact:name>HWDATA</ipxact:name>
                            </ipxact:logicalPort>
                            <ipxact:physicalPort>
                                <ipxact:name>ahbl_s1_hwdata_i</ipxact:name>
                            </ipxact:physicalPort>
                        </ipxact:portMap>
                        <ipxact:portMap>
                            <ipxact:logicalPort>
                                <ipxact:name>HREADYOUT</ipxact:name>
                            </ipxact:logicalPort>
                            <ipxact:physicalPort>
                                <ipxact:name>ahbl_s1_hreadyout_o</ipxact:name>
                            </ipxact:physicalPort>
                        </ipxact:portMap>
                        <ipxact:portMap>
                            <ipxact:logicalPort>
                                <ipxact:name>HRESP</ipxact:name>
                            </ipxact:logicalPort>
                            <ipxact:physicalPort>
                                <ipxact:name>ahbl_s1_hresp_o</ipxact:name>
                            </ipxact:physicalPort>
                        </ipxact:portMap>
                        <ipxact:portMap>
                            <ipxact:logicalPort>
                                <ipxact:name>HRDATA</ipxact:name>
                            </ipxact:logicalPort>
                            <ipxact:physicalPort>
                                <ipxact:name>ahbl_s1_hrdata_o</ipxact:name>
                            </ipxact:physicalPort>
                        </ipxact:portMap>
                    </ipxact:portMaps>
                </ipxact:abstractionType>
            </ipxact:abstractionTypes>
            <ipxact:slave>
                <ipxact:memoryMapRef memoryMapRef="ahbl_slv1_model_mem_map"/>
            </ipxact:slave>
        </ipxact:busInterface>
    </ipxact:busInterfaces>
    <ipxact:memoryMaps>
        <ipxact:memoryMap>
            <ipxact:name>ahbl_slv0_model_mem_map</ipxact:name>
            <ipxact:description>AHB-Lite Slave Model memory map</ipxact:description>
            <ipxact:addressBlock>
                <ipxact:name>memory</ipxact:name>
                <ipxact:displayName>memory</ipxact:displayName>
                <ipxact:description>Memory Block</ipxact:description>
                <ipxact:baseAddress>0</ipxact:baseAddress>
                <ipxact:range>32768</ipxact:range>
                <ipxact:width>32</ipxact:width>
                <ipxact:usage>memory</ipxact:usage>
                <ipxact:access>read-write</ipxact:access>
            </ipxact:addressBlock>
        </ipxact:memoryMap>
        <ipxact:memoryMap>
            <ipxact:name>ahbl_slv1_model_mem_map</ipxact:name>
            <ipxact:description>AHB-Lite Slave Model memory map</ipxact:description>
            <ipxact:addressBlock>
                <ipxact:name>memory</ipxact:name>
                <ipxact:displayName>memory</ipxact:displayName>
                <ipxact:description>Memory Block</ipxact:description>
                <ipxact:baseAddress>0</ipxact:baseAddress>
                <ipxact:range>32768</ipxact:range>
                <ipxact:width>32</ipxact:width>
                <ipxact:usage>memory</ipxact:usage>
                <ipxact:access>read-write</ipxact:access>
            </ipxact:addressBlock>
        </ipxact:memoryMap>
    </ipxact:memoryMaps>
    <ipxact:model>
        <ipxact:instantiations>
            <ipxact:componentInstantiation>
                <ipxact:name>sysmem0</ipxact:name>
                <ipxact:moduleParameters>
                    <ipxact:moduleParameter configGroups="SystemBuilder" latticeDefaultValue="" parameterId="MEM_ID" resolve="generated" type="string">
                        <ipxact:name>MEM_ID</ipxact:name>
                        <ipxact:displayName>MEM_ID</ipxact:displayName>
                        <ipxact:value>sysmem0</ipxact:value>
                    </ipxact:moduleParameter>
                </ipxact:moduleParameters>
            </ipxact:componentInstantiation>
            <ipxact:designInstantiation>
                <ipxact:name>sysmem0_design</ipxact:name>
                <ipxact:designRef library="ip" name="sysmem0" vendor="latticesemi.com" version="2.2.0"/>
            </ipxact:designInstantiation>
        </ipxact:instantiations>
        <ipxact:ports>
            <ipxact:port>
                <ipxact:name>ahbl_hclk_i</ipxact:name>
                <ipxact:displayName>ahbl_hclk_i</ipxact:displayName>
                <ipxact:wire>
                    <ipxact:direction>in</ipxact:direction>
                </ipxact:wire>
                <ipxact:vendorExtensions>
                    <lsccip:isClk>true</lsccip:isClk>
                </ipxact:vendorExtensions>
            </ipxact:port>
            <ipxact:port>
                <ipxact:name>ahbl_hresetn_i</ipxact:name>
                <ipxact:displayName>ahbl_hresetn_i</ipxact:displayName>
                <ipxact:wire>
                    <ipxact:direction>in</ipxact:direction>
                </ipxact:wire>
                <ipxact:vendorExtensions>
                    <lsccip:isRst>true</lsccip:isRst>
                </ipxact:vendorExtensions>
            </ipxact:port>
            <ipxact:port>
                <ipxact:name>ahbl_s0_hsel_i</ipxact:name>
                <ipxact:displayName>ahbl_s0_hsel_i</ipxact:displayName>
                <ipxact:wire>
                    <ipxact:direction>in</ipxact:direction>
                </ipxact:wire>
            </ipxact:port>
            <ipxact:port>
                <ipxact:name>ahbl_s0_hready_i</ipxact:name>
                <ipxact:displayName>ahbl_s0_hready_i</ipxact:displayName>
                <ipxact:wire>
                    <ipxact:direction>in</ipxact:direction>
                </ipxact:wire>
            </ipxact:port>
            <ipxact:port>
                <ipxact:name>ahbl_s0_haddr_i</ipxact:name>
                <ipxact:displayName>ahbl_s0_haddr_i</ipxact:displayName>
                <ipxact:wire>
                    <ipxact:direction>in</ipxact:direction>
                    <ipxact:vectors>
                        <ipxact:vector>
                            <ipxact:left>31</ipxact:left>
                            <ipxact:right>0</ipxact:right>
                        </ipxact:vector>
                    </ipxact:vectors>
                </ipxact:wire>
            </ipxact:port>
            <ipxact:port>
                <ipxact:name>ahbl_s0_hburst_i</ipxact:name>
                <ipxact:displayName>ahbl_s0_hburst_i</ipxact:displayName>
                <ipxact:wire>
                    <ipxact:direction>in</ipxact:direction>
                    <ipxact:vectors>
                        <ipxact:vector>
                            <ipxact:left>2</ipxact:left>
                            <ipxact:right>0</ipxact:right>
                        </ipxact:vector>
                    </ipxact:vectors>
                </ipxact:wire>
            </ipxact:port>
            <ipxact:port>
                <ipxact:name>ahbl_s0_hsize_i</ipxact:name>
                <ipxact:displayName>ahbl_s0_hsize_i</ipxact:displayName>
                <ipxact:wire>
                    <ipxact:direction>in</ipxact:direction>
                    <ipxact:vectors>
                        <ipxact:vector>
                            <ipxact:left>2</ipxact:left>
                            <ipxact:right>0</ipxact:right>
                        </ipxact:vector>
                    </ipxact:vectors>
                </ipxact:wire>
            </ipxact:port>
            <ipxact:port>
                <ipxact:name>ahbl_s0_hmastlock_i</ipxact:name>
                <ipxact:displayName>ahbl_s0_hmastlock_i</ipxact:displayName>
                <ipxact:wire>
                    <ipxact:direction>in</ipxact:direction>
                </ipxact:wire>
            </ipxact:port>
            <ipxact:port>
                <ipxact:name>ahbl_s0_hprot_i</ipxact:name>
                <ipxact:displayName>ahbl_s0_hprot_i</ipxact:displayName>
                <ipxact:wire>
                    <ipxact:direction>in</ipxact:direction>
                    <ipxact:vectors>
                        <ipxact:vector>
                            <ipxact:left>3</ipxact:left>
                            <ipxact:right>0</ipxact:right>
                        </ipxact:vector>
                    </ipxact:vectors>
                </ipxact:wire>
            </ipxact:port>
            <ipxact:port>
                <ipxact:name>ahbl_s0_htrans_i</ipxact:name>
                <ipxact:displayName>ahbl_s0_htrans_i</ipxact:displayName>
                <ipxact:wire>
                    <ipxact:direction>in</ipxact:direction>
                    <ipxact:vectors>
                        <ipxact:vector>
                            <ipxact:left>1</ipxact:left>
                            <ipxact:right>0</ipxact:right>
                        </ipxact:vector>
                    </ipxact:vectors>
                </ipxact:wire>
            </ipxact:port>
            <ipxact:port>
                <ipxact:name>ahbl_s0_hwrite_i</ipxact:name>
                <ipxact:displayName>ahbl_s0_hwrite_i</ipxact:displayName>
                <ipxact:wire>
                    <ipxact:direction>in</ipxact:direction>
                </ipxact:wire>
            </ipxact:port>
            <ipxact:port>
                <ipxact:name>ahbl_s0_hwdata_i</ipxact:name>
                <ipxact:displayName>ahbl_s0_hwdata_i</ipxact:displayName>
                <ipxact:wire>
                    <ipxact:direction>in</ipxact:direction>
                    <ipxact:vectors>
                        <ipxact:vector>
                            <ipxact:left>31</ipxact:left>
                            <ipxact:right>0</ipxact:right>
                        </ipxact:vector>
                    </ipxact:vectors>
                </ipxact:wire>
            </ipxact:port>
            <ipxact:port>
                <ipxact:name>ahbl_s0_hreadyout_o</ipxact:name>
                <ipxact:displayName>ahbl_s0_hreadyout_o</ipxact:displayName>
                <ipxact:wire>
                    <ipxact:direction>out</ipxact:direction>
                </ipxact:wire>
            </ipxact:port>
            <ipxact:port>
                <ipxact:name>ahbl_s0_hresp_o</ipxact:name>
                <ipxact:displayName>ahbl_s0_hresp_o</ipxact:displayName>
                <ipxact:wire>
                    <ipxact:direction>out</ipxact:direction>
                </ipxact:wire>
            </ipxact:port>
            <ipxact:port>
                <ipxact:name>ahbl_s0_hrdata_o</ipxact:name>
                <ipxact:displayName>ahbl_s0_hrdata_o</ipxact:displayName>
                <ipxact:wire>
                    <ipxact:direction>out</ipxact:direction>
                    <ipxact:vectors>
                        <ipxact:vector>
                            <ipxact:left>31</ipxact:left>
                            <ipxact:right>0</ipxact:right>
                        </ipxact:vector>
                    </ipxact:vectors>
                </ipxact:wire>
            </ipxact:port>
            <ipxact:port>
                <ipxact:name>ahbl_s1_hsel_i</ipxact:name>
                <ipxact:displayName>ahbl_s1_hsel_i</ipxact:displayName>
                <ipxact:wire>
                    <ipxact:direction>in</ipxact:direction>
                </ipxact:wire>
            </ipxact:port>
            <ipxact:port>
                <ipxact:name>ahbl_s1_hready_i</ipxact:name>
                <ipxact:displayName>ahbl_s1_hready_i</ipxact:displayName>
                <ipxact:wire>
                    <ipxact:direction>in</ipxact:direction>
                </ipxact:wire>
            </ipxact:port>
            <ipxact:port>
                <ipxact:name>ahbl_s1_haddr_i</ipxact:name>
                <ipxact:displayName>ahbl_s1_haddr_i</ipxact:displayName>
                <ipxact:wire>
                    <ipxact:direction>in</ipxact:direction>
                    <ipxact:vectors>
                        <ipxact:vector>
                            <ipxact:left>31</ipxact:left>
                            <ipxact:right>0</ipxact:right>
                        </ipxact:vector>
                    </ipxact:vectors>
                </ipxact:wire>
            </ipxact:port>
            <ipxact:port>
                <ipxact:name>ahbl_s1_hburst_i</ipxact:name>
                <ipxact:displayName>ahbl_s1_hburst_i</ipxact:displayName>
                <ipxact:wire>
                    <ipxact:direction>in</ipxact:direction>
                    <ipxact:vectors>
                        <ipxact:vector>
                            <ipxact:left>2</ipxact:left>
                            <ipxact:right>0</ipxact:right>
                        </ipxact:vector>
                    </ipxact:vectors>
                </ipxact:wire>
            </ipxact:port>
            <ipxact:port>
                <ipxact:name>ahbl_s1_hsize_i</ipxact:name>
                <ipxact:displayName>ahbl_s1_hsize_i</ipxact:displayName>
                <ipxact:wire>
                    <ipxact:direction>in</ipxact:direction>
                    <ipxact:vectors>
                        <ipxact:vector>
                            <ipxact:left>2</ipxact:left>
                            <ipxact:right>0</ipxact:right>
                        </ipxact:vector>
                    </ipxact:vectors>
                </ipxact:wire>
            </ipxact:port>
            <ipxact:port>
                <ipxact:name>ahbl_s1_hmastlock_i</ipxact:name>
                <ipxact:displayName>ahbl_s1_hmastlock_i</ipxact:displayName>
                <ipxact:wire>
                    <ipxact:direction>in</ipxact:direction>
                </ipxact:wire>
            </ipxact:port>
            <ipxact:port>
                <ipxact:name>ahbl_s1_hprot_i</ipxact:name>
                <ipxact:displayName>ahbl_s1_hprot_i</ipxact:displayName>
                <ipxact:wire>
                    <ipxact:direction>in</ipxact:direction>
                    <ipxact:vectors>
                        <ipxact:vector>
                            <ipxact:left>3</ipxact:left>
                            <ipxact:right>0</ipxact:right>
                        </ipxact:vector>
                    </ipxact:vectors>
                </ipxact:wire>
            </ipxact:port>
            <ipxact:port>
                <ipxact:name>ahbl_s1_htrans_i</ipxact:name>
                <ipxact:displayName>ahbl_s1_htrans_i</ipxact:displayName>
                <ipxact:wire>
                    <ipxact:direction>in</ipxact:direction>
                    <ipxact:vectors>
                        <ipxact:vector>
                            <ipxact:left>1</ipxact:left>
                            <ipxact:right>0</ipxact:right>
                        </ipxact:vector>
                    </ipxact:vectors>
                </ipxact:wire>
            </ipxact:port>
            <ipxact:port>
                <ipxact:name>ahbl_s1_hwrite_i</ipxact:name>
                <ipxact:displayName>ahbl_s1_hwrite_i</ipxact:displayName>
                <ipxact:wire>
                    <ipxact:direction>in</ipxact:direction>
                </ipxact:wire>
            </ipxact:port>
            <ipxact:port>
                <ipxact:name>ahbl_s1_hwdata_i</ipxact:name>
                <ipxact:displayName>ahbl_s1_hwdata_i</ipxact:displayName>
                <ipxact:wire>
                    <ipxact:direction>in</ipxact:direction>
                    <ipxact:vectors>
                        <ipxact:vector>
                            <ipxact:left>31</ipxact:left>
                            <ipxact:right>0</ipxact:right>
                        </ipxact:vector>
                    </ipxact:vectors>
                </ipxact:wire>
            </ipxact:port>
            <ipxact:port>
                <ipxact:name>ahbl_s1_hreadyout_o</ipxact:name>
                <ipxact:displayName>ahbl_s1_hreadyout_o</ipxact:displayName>
                <ipxact:wire>
                    <ipxact:direction>out</ipxact:direction>
                </ipxact:wire>
            </ipxact:port>
            <ipxact:port>
                <ipxact:name>ahbl_s1_hresp_o</ipxact:name>
                <ipxact:displayName>ahbl_s1_hresp_o</ipxact:displayName>
                <ipxact:wire>
                    <ipxact:direction>out</ipxact:direction>
                </ipxact:wire>
            </ipxact:port>
            <ipxact:port>
                <ipxact:name>ahbl_s1_hrdata_o</ipxact:name>
                <ipxact:displayName>ahbl_s1_hrdata_o</ipxact:displayName>
                <ipxact:wire>
                    <ipxact:direction>out</ipxact:direction>
                    <ipxact:vectors>
                        <ipxact:vector>
                            <ipxact:left>31</ipxact:left>
                            <ipxact:right>0</ipxact:right>
                        </ipxact:vector>
                    </ipxact:vectors>
                </ipxact:wire>
            </ipxact:port>
        </ipxact:ports>
    </ipxact:model>
    <ipxact:fileSets>
        <ipxact:fileSet>
            <ipxact:name>ipx_file_list</ipxact:name>
            <ipxact:file>
                <ipxact:name>rtl/sysmem0_bb.v</ipxact:name>
                <ipxact:fileType user="black_box_verilog">user</ipxact:fileType>
            </ipxact:file>
            <ipxact:file>
                <ipxact:name>sysmem0.cfg</ipxact:name>
                <ipxact:fileType user="cfg">user</ipxact:fileType>
            </ipxact:file>
            <ipxact:file>
                <ipxact:name>misc/sysmem0_tmpl.v</ipxact:name>
                <ipxact:fileType user="template_verilog">user</ipxact:fileType>
            </ipxact:file>
            <ipxact:file>
                <ipxact:name>misc/sysmem0_tmpl.vhd</ipxact:name>
                <ipxact:fileType user="template_vhdl">user</ipxact:fileType>
            </ipxact:file>
            <ipxact:file>
                <ipxact:name>rtl/sysmem0.v</ipxact:name>
                <ipxact:fileType user="top_level_verilog">user</ipxact:fileType>
            </ipxact:file>
            <ipxact:file>
                <ipxact:name>testbench/dut_params.v</ipxact:name>
                <ipxact:fileType user="dependency_file">user</ipxact:fileType>
            </ipxact:file>
            <ipxact:file>
                <ipxact:name>testbench/dut_inst.v</ipxact:name>
                <ipxact:fileType user="dependency_file">user</ipxact:fileType>
            </ipxact:file>
            <ipxact:file>
                <ipxact:name>design.xml</ipxact:name>
                <ipxact:fileType user="IP-XACT_design">user</ipxact:fileType>
            </ipxact:file>
            <ipxact:file>
                <ipxact:name>testbench/lscc_ahblmem_manager.v</ipxact:name>
                <ipxact:fileType user="testbench_verilog">user</ipxact:fileType>
            </ipxact:file>
            <ipxact:file>
                <ipxact:name>testbench/lscc_aximem_manager.v</ipxact:name>
                <ipxact:fileType user="testbench_verilog">user</ipxact:fileType>
            </ipxact:file>
            <ipxact:file>
                <ipxact:name>testbench/lscc_data_checker.v</ipxact:name>
                <ipxact:fileType user="testbench_verilog">user</ipxact:fileType>
            </ipxact:file>
            <ipxact:file>
                <ipxact:name>testbench/lscc_fifo_master.v</ipxact:name>
                <ipxact:fileType user="testbench_verilog">user</ipxact:fileType>
            </ipxact:file>
            <ipxact:file>
                <ipxact:name>testbench/tb_top.v</ipxact:name>
                <ipxact:fileType user="testbench_verilog">user</ipxact:fileType>
            </ipxact:file>
        </ipxact:fileSet>
    </ipxact:fileSets>
    <ipxact:vendorExtensions>
        <lsccip:moduleRef lsccip:library="ip" lsccip:name="system_memory" lsccip:type="cacheable" lsccip:vendor="latticesemi.com" lsccip:version="2.2.0"/>
        <lsccip:deviceInfo>
            <lsccip:device>LFCPNX-100</lsccip:device>
            <lsccip:device_int>jd5d80</lsccip:device_int>
            <lsccip:package>BBG484</lsccip:package>
            <lsccip:package_int>BBG484</lsccip:package_int>
            <lsccip:performanceGrade>8_High-Performance_1.0V</lsccip:performanceGrade>
            <lsccip:speed_int>11</lsccip:speed_int>
            <lsccip:operation>Commercial</lsccip:operation>
            <lsccip:family>LFCPNX</lsccip:family>
            <lsccip:architecture>jd5d00</lsccip:architecture>
            <lsccip:partnumber>LFCPNX-100-8BBG484C</lsccip:partnumber>
        </lsccip:deviceInfo>
        <lsccip:generationInfo>
            <lsccip:fileVersion>20180929</lsccip:fileVersion>
            <lsccip:createdTimestamp>2025 01 01 15:11:05</lsccip:createdTimestamp>
            <lsccip:radiantBuild>&quot;Lattice Propel&quot; (64-bit) 2024.1.2406150513_p</lsccip:radiantBuild>
        </lsccip:generationInfo>
    </ipxact:vendorExtensions>
</ipxact:component>
